{
  "patient_id": "559",
  "strategy": "periodic",
  "retraining_interval_days": 7,
  "summary": {
    "mae_mean": 22.047048688123958,
    "mae_std": 5.287650032217876,
    "rmse_mean": 30.55236563565714,
    "rmse_std": 8.272131163407897,
    "clarke_ab_mean": 95.93530627700828,
    "clarke_ab_std": 2.8660950845884297,
    "total_days_evaluated": 35,
    "total_retrains": 4
  },
  "sawtooth_pattern": {
    "0": {
      "mae_mean": 24.012329451812832,
      "mae_std": 6.305620975309692,
      "rmse_mean": 33.731843500902855,
      "rmse_std": 10.34185006607518,
      "n_samples": 5
    },
    "1": {
      "mae_mean": 20.860233073901853,
      "mae_std": 1.607295220226677,
      "rmse_mean": 27.438180725892227,
      "rmse_std": 2.339326063637738,
      "n_samples": 5
    },
    "2": {
      "mae_mean": 19.95911149477527,
      "mae_std": 3.351959150300075,
      "rmse_mean": 26.917729577620843,
      "rmse_std": 4.1935991099559065,
      "n_samples": 5
    },
    "3": {
      "mae_mean": 26.23064658982136,
      "mae_std": 6.25228036107635,
      "rmse_mean": 34.990015886502164,
      "rmse_std": 9.489325441082006,
      "n_samples": 5
    },
    "4": {
      "mae_mean": 19.92823445123882,
      "mae_std": 1.8603957524219468,
      "rmse_mean": 28.649811396949485,
      "rmse_std": 4.336490446209195,
      "n_samples": 5
    },
    "5": {
      "mae_mean": 19.414409188932733,
      "mae_std": 4.797706375371353,
      "rmse_mean": 26.68151387060572,
      "rmse_std": 7.773410071738803,
      "n_samples": 5
    },
    "6": {
      "mae_mean": 23.92437656638483,
      "mae_std": 5.872596544988405,
      "rmse_mean": 35.45746449112666,
      "rmse_std": 9.183267247813248,
      "n_samples": 5
    }
  },
  "daily_metrics": [
    {
      "mae": 28.83320358526723,
      "rmse": 46.98142238857313,
      "mse": 2207.2540496535203,
      "mape": 15.843943156791052,
      "correlation": 0.7750397533532273,
      "r_squared": 0.4806224705217387,
      "clarke_a": 71.52317880794702,
      "clarke_b": 20.52980132450331,
      "clarke_ab": 92.05298013245033,
      "day": 7,
      "days_since_retrain": 0
    },
    {
      "mae": 22.65050055466206,
      "rmse": 29.12294872890384,
      "mse": 848.1461426663617,
      "mape": 14.335720314527133,
      "correlation": 0.8545467970137799,
      "r_squared": 0.7116290855796998,
      "clarke_a": 68.40277777777779,
      "clarke_b": 26.041666666666668,
      "clarke_ab": 94.44444444444446,
      "day": 8,
      "days_since_retrain": 1
    },
    {
      "mae": 26.06513239028694,
      "rmse": 34.36670889281816,
      "mse": 1181.0706801237066,
      "mape": 18.47692291150989,
      "correlation": 0.8503710938839497,
      "r_squared": 0.7099757114454419,
      "clarke_a": 69.02985074626866,
      "clarke_b": 24.62686567164179,
      "clarke_ab": 93.65671641791046,
      "day": 9,
      "days_since_retrain": 2
    },
    {
      "mae": 25.857184707884134,
      "rmse": 33.76701040534131,
      "mse": 1140.2109917144285,
      "mape": 18.77607580293774,
      "correlation": 0.9157820521014364,
      "r_squared": 0.8355226323994764,
      "clarke_a": 62.93436293436293,
      "clarke_b": 29.343629343629345,
      "clarke_ab": 92.27799227799227,
      "day": 10,
      "days_since_retrain": 3
    },
    {
      "mae": 20.213964966747184,
      "rmse": 28.789272601096418,
      "mse": 828.822216900241,
      "mape": 15.618055077546844,
      "correlation": 0.9142357094481842,
      "r_squared": 0.8349722415372751,
      "clarke_a": 74.91289198606272,
      "clarke_b": 20.209059233449477,
      "clarke_ab": 95.1219512195122,
      "day": 11,
      "days_since_retrain": 4
    },
    {
      "mae": 25.295582008677563,
      "rmse": 34.752184591544854,
      "mse": 1207.7143338848075,
      "mape": 17.06817409795938,
      "correlation": 0.8495726450839438,
      "r_squared": 0.6975583050604393,
      "clarke_a": 70.0,
      "clarke_b": 22.857142857142858,
      "clarke_ab": 92.85714285714286,
      "day": 12,
      "days_since_retrain": 5
    },
    {
      "mae": 25.28274175718033,
      "rmse": 38.49962975584548,
      "mse": 1482.2214913371831,
      "mape": 12.869230161138931,
      "correlation": 0.8172795326711566,
      "r_squared": 0.6193779931051724,
      "clarke_a": 87.36842105263159,
      "clarke_b": 7.368421052631578,
      "clarke_ab": 94.73684210526316,
      "day": 13,
      "days_since_retrain": 6
    },
    {
      "mae": 26.33280970813616,
      "rmse": 36.60731044784368,
      "mse": 1340.0951782248048,
      "mape": 17.154463285252696,
      "correlation": 0.9096250420910273,
      "r_squared": 0.7954569102725989,
      "clarke_a": 78.30188679245283,
      "clarke_b": 20.28301886792453,
      "clarke_ab": 98.58490566037736,
      "day": 14,
      "days_since_retrain": 0
    },
    {
      "mae": 18.260554915407464,
      "rmse": 22.828230748372363,
      "mse": 521.1281191009334,
      "mape": 11.980706532075459,
      "correlation": 0.9426102937927859,
      "r_squared": 0.8609081899212236,
      "clarke_a": 84.70588235294117,
      "clarke_b": 14.117647058823529,
      "clarke_ab": 98.8235294117647,
      "day": 15,
      "days_since_retrain": 1
    },
    {
      "mae": 16.308583236129394,
      "rmse": 22.864476074115036,
      "mse": 522.7842661437788,
      "mape": 11.300945597023155,
      "correlation": 0.925704360310742,
      "r_squared": 0.8342671398216873,
      "clarke_a": 79.51388888888889,
      "clarke_b": 20.48611111111111,
      "clarke_ab": 100.0,
      "day": 16,
      "days_since_retrain": 2
    },
    {
      "mae": 22.377983349842648,
      "rmse": 28.68854274285048,
      "mse": 823.0324847083589,
      "mape": 15.98628638369956,
      "correlation": 0.9533811578190153,
      "r_squared": 0.8832973105193919,
      "clarke_a": 68.68327402135232,
      "clarke_b": 30.2491103202847,
      "clarke_ab": 98.93238434163702,
      "day": 17,
      "days_since_retrain": 3
    },
    {
      "mae": 21.23795606028548,
      "rmse": 30.958605414365902,
      "mse": 958.4352492024058,
      "mape": 12.94030813828676,
      "correlation": 0.9236442328619464,
      "r_squared": 0.8045876725614188,
      "clarke_a": 77.08333333333334,
      "clarke_b": 20.13888888888889,
      "clarke_ab": 97.22222222222223,
      "day": 18,
      "days_since_retrain": 4
    },
    {
      "mae": 16.953248067764946,
      "rmse": 23.539650082947464,
      "mse": 554.1151260276085,
      "mape": 10.15983782204902,
      "correlation": 0.8994265928727669,
      "r_squared": 0.7378449940890043,
      "clarke_a": 86.41975308641975,
      "clarke_b": 11.11111111111111,
      "clarke_ab": 97.53086419753086,
      "day": 19,
      "days_since_retrain": 5
    },
    {
      "mae": 32.037437387511524,
      "rmse": 46.564025009894635,
      "mse": 2168.208425122093,
      "mape": 19.142175295737637,
      "correlation": 0.8216028751493093,
      "r_squared": 0.5102388467155676,
      "clarke_a": 64.0,
      "clarke_b": 31.5,
      "clarke_ab": 95.5,
      "day": 20,
      "days_since_retrain": 6
    },
    {
      "mae": 22.31355116625333,
      "rmse": 29.18412662895656,
      "mse": 851.7132470949714,
      "mape": 16.115283008476077,
      "correlation": 0.9015404615678067,
      "r_squared": 0.7408131726771059,
      "clarke_a": 67.01388888888889,
      "clarke_b": 30.208333333333332,
      "clarke_ab": 97.22222222222221,
      "day": 21,
      "days_since_retrain": 0
    },
    {
      "mae": 20.51872771672527,
      "rmse": 27.920002674037942,
      "mse": 779.5265493182859,
      "mape": 11.667910166843269,
      "correlation": 0.8535970244810713,
      "r_squared": 0.7165043466537062,
      "clarke_a": 85.06944444444444,
      "clarke_b": 12.5,
      "clarke_ab": 97.56944444444444,
      "day": 22,
      "days_since_retrain": 1
    },
    {
      "mae": 20.380170214261984,
      "rmse": 26.42547588418692,
      "mse": 698.3057757057445,
      "mape": 11.667358640524991,
      "correlation": 0.8449592805155215,