{
  "patient_id": "563",
  "strategy": "periodic",
  "retraining_interval_days": 7,
  "summary": {
    "mae_mean": 15.168990496495212,
    "mae_std": 5.007335589900649,
    "rmse_mean": 20.62041105971156,
    "rmse_std": 8.02312747153557,
    "clarke_ab_mean": 98.52702695653682,
    "clarke_ab_std": 1.5923089197283546,
    "total_days_evaluated": 38,
    "total_retrains": 5
  },
  "sawtooth_pattern": {
    "0": {
      "mae_mean": 16.81418775112082,
      "mae_std": 5.930845522780714,
      "rmse_mean": 24.021593883404808,
      "rmse_std": 10.563558819118343,
      "n_samples": 6
    },
    "1": {
      "mae_mean": 14.110978696727125,
      "mae_std": 3.7308182148385276,
      "rmse_mean": 18.312688340132993,
      "rmse_std": 4.2758119308598,
      "n_samples": 6
    },
    "2": {
      "mae_mean": 19.27868990820451,
      "mae_std": 7.338270378418266,
      "rmse_mean": 27.769491786049162,
      "rmse_std": 11.956101538440024,
      "n_samples": 6
    },
    "3": {
      "mae_mean": 14.893344842473425,
      "mae_std": 2.776907279772239,
      "rmse_mean": 19.919138060411672,
      "rmse_std": 4.244521154736216,
      "n_samples": 6
    },
    "4": {
      "mae_mean": 12.474140769776445,
      "mae_std": 1.8520066052069684,
      "rmse_mean": 17.142194958510856,
      "rmse_std": 2.242942956026583,
      "n_samples": 4
    },
    "5": {
      "mae_mean": 13.255713437284234,
      "mae_std": 3.544830539367097,
      "rmse_mean": 16.977041829349428,
      "rmse_std": 4.126333857302031,
      "n_samples": 5
    },
    "6": {
      "mae_mean": 13.932660282027154,
      "mae_std": 2.552017906018516,
      "rmse_mean": 17.99683177365135,
      "rmse_std": 2.670745505345923,
      "n_samples": 5
    }
  },
  "daily_metrics": [
    {
      "mae": 16.248117827617786,
      "rmse": 23.319496495413127,
      "mse": 543.7989167995851,
      "mape": 12.227951017081923,
      "correlation": 0.8087352988207873,
      "r_squared": 0.4517993485702426,
      "clarke_a": 78.4452296819788,
      "clarke_b": 20.49469964664311,
      "clarke_ab": 98.93992932862191,
      "day": 7,
      "days_since_retrain": 0
    },
    {
      "mae": 16.7396856954259,
      "rmse": 21.87586754716478,
      "mse": 478.5535809410972,
      "mape": 11.634224810888385,
      "correlation": 0.8943397247315799,
      "r_squared": 0.7129137693089749,
      "clarke_a": 81.94444444444444,
      "clarke_b": 16.319444444444446,
      "clarke_ab": 98.26388888888889,
      "day": 8,
      "days_since_retrain": 1
    },
    {
      "mae": 23.312210505376452,
      "rmse": 32.782016576507196,
      "mse": 1074.6606108223928,
      "mape": 17.30303905265679,
      "correlation": 0.9246103347200361,
      "r_squared": 0.3218935255789265,
      "clarke_a": 57.638888888888886,
      "clarke_b": 42.36111111111111,
      "clarke_ab": 100.0,
      "day": 9,
      "days_since_retrain": 2
    },
    {
      "mae": 13.951873282864204,
      "rmse": 17.060148413880682,
      "mse": 291.0486639036356,
      "mape": 12.294070986086927,
      "correlation": 0.9004380118031245,
      "r_squared": 0.6913026506451538,
      "clarke_a": 71.52777777777779,
      "clarke_b": 28.47222222222222,
      "clarke_ab": 100.0,
      "day": 10,
      "days_since_retrain": 3
    },
    {
      "mae": 13.001172140940257,
      "rmse": 19.39361571060072,
      "mse": 376.1123303304591,
      "mape": 10.086366758329019,
      "correlation": 0.8208307689968712,
      "r_squared": 0.592395379893671,
      "clarke_a": 88.23529411764706,
      "clarke_b": 10.084033613445378,
      "clarke_ab": 98.31932773109244,
      "day": 11,
      "days_since_retrain": 4
    },
    {
      "mae": 19.473543243104512,
      "rmse": 24.131906851516643,
      "mse": 582.3489282902759,
      "mape": 14.51698776180261,
      "correlation": 0.9421180481553473,
      "r_squared": 0.5172271784466522,
      "clarke_a": 71.42857142857143,
      "clarke_b": 28.57142857142857,
      "clarke_ab": 100.0,
      "day": 12,
      "days_since_retrain": 5
    },
    {
      "mae": 12.134984844316747,
      "rmse": 15.988538566201619,
      "mse": 255.6333654829165,
      "mape": 8.397182164216673,
      "correlation": 0.8948804152918969,
      "r_squared": 0.7598955397151539,
      "clarke_a": 90.625,
      "clarke_b": 9.027777777777777,
      "clarke_ab": 99.65277777777777,
      "day": 13,
      "days_since_retrain": 6
    },
    {
      "mae": 12.384795856297124,
      "rmse": 16.0941923133316,
      "mse": 259.02302621850197,
      "mape": 7.920740314420829,
      "correlation": 0.9014992577883267,
      "r_squared": 0.8106687564878979,
      "clarke_a": 96.18055555555556,
      "clarke_b": 3.4722222222222223,
      "clarke_ab": 99.65277777777779,
      "day": 14,
      "days_since_retrain": 0
    },
    {
      "mae": 13.727263228292811,
      "rmse": 18.280768721644,
      "mse": 334.18650505423767,
      "mape": 10.267961661910407,
      "correlation": 0.8973754066138703,
      "r_squared": 0.7354320808080955,
      "clarke_a": 83.74558303886926,
      "clarke_b": 14.13427561837456,
      "clarke_ab": 97.87985865724382,
      "day": 15,
      "days_since_retrain": 1
    },
    {
      "mae": 16.002554687488978,
      "rmse": 21.893667569336074,
      "mse": 479.33267963659813,
      "mape": 12.347661469335574,
      "correlation": 0.8012085467444499,
      "r_squared": 0.5655162983955322,
      "clarke_a": 80.7017543859649,
      "clarke_b": 17.894736842105264,
      "clarke_ab": 98.59649122807016,
      "day": 16,
      "days_since_retrain": 2
    },
    {
      "mae": 14.942799949631848,
      "rmse": 19.192605304638217,
      "mse": 368.35609837962704,
      "mape": 10.927389438581699,
      "correlation": 0.8017375069367034,
      "r_squared": 0.5671676473243374,
      "clarke_a": 82.22996515679442,
      "clarke_b": 15.33101045296167,
      "clarke_ab": 97.5609756097561,
      "day": 17,
      "days_since_retrain": 3
    },
    {
      "mae": 13.089902123266757,
      "rmse": 17.017884506964297,
      "mse": 289.6083930923755,
      "mape": 9.735793035943736,
      "correlation": 0.8924519631596586,
      "r_squared": 0.7497641674979852,
      "clarke_a": 86.90476190476191,
      "clarke_b": 13.095238095238097,
      "clarke_ab": 100.00000000000001,
      "day": 19,
      "days_since_retrain": 5
    },
    {
      "mae": 16.029181955452252,
      "rmse": 21.059934970769405,
      "mse": 443.52086097303606,
      "mape": 10.685776078175392,
      "correlation": 0.9188569607416662,
      "r_squared": 0.7399786535338271,
      "clarke_a": 87.84722222222221,
      "clarke_b": 12.152777777777777,
      "clarke_ab": 99.99999999999999,
      "day": 20,
      "days_since_retrain": 6
    },
    {
      "mae": 16.2701076006854,
      "rmse": 23.358633486969122,
      "mse": 545.6257583785552,
      "mape": 10.907660035419678,
      "correlation": 0.8507936116602695,
      "r_squared": 0.6804647877305118,
      "clarke_a": 85.546875,
      "clarke_b": 12.109375,
      "clarke_ab": 97.65625,
      "day": 21,
      "days_since_retrain": 0
    },
    {
      "mae": 13.180294228370212,
      "rmse": 18.826067925539633,
      "mse": 354.4208335370321,
      "mape": 8.97479249820893,
      "correlation": 0.9118844462471367,
      "r_squared": 0.7990200642091891,
      "clarke_a": 92.28070175438596,
      "clarke_b": 7.368421052631578,
      "clarke_ab": 99.64912280701753,
      "day": 22,
      "days_since_retrain": 1
    },
    {
      "mae": 13.509980041355343,
      "rmse": 21.04698589581048,
      "mse": 442.97561529844523,
      "mape": 9.14112577603532,
      "correlation": 0.8864193711152171,
      "r_squared": 0.7826327381671625,
      "clarke_a": 87.84722222222221,
      "clarke_b": 7.986111111111111,
      "clarke_ab": 95.83333333333333,
      "day": 23,
      "days_since_retrain": 2
    },
    {
      "mae": 18.69843447612166,
      "rmse": 24.86220096195057,
      "mse": 618.1290366724159,
      "mape": 14.39266534307199,