{
  "patient_id": "559",
  "strategy": "periodic",
  "retraining_interval_days": 7,
  "summary": {
    "mae_mean": 42.50053159065618,
    "mae_std": 9.79907146229906,
    "rmse_mean": 51.40232726915053,
    "rmse_std": 12.11382576346203,
    "clarke_ab_mean": 97.76744988446609,
    "clarke_ab_std": 2.2327422434668707,
    "total_days_evaluated": 35,
    "total_retrains": 4
  },
  "sawtooth_pattern": {
    "0": {
      "mae_mean": 46.327123400868985,
      "mae_std": 14.072760013322009,
      "rmse_mean": 56.61943348748588,
      "rmse_std": 16.740799590865596,
      "n_samples": 5
    },
    "1": {
      "mae_mean": 39.24691212885591,
      "mae_std": 8.774463653478508,
      "rmse_mean": 47.592589932274656,
      "rmse_std": 9.349179817372866,
      "n_samples": 5
    },
    "2": {
      "mae_mean": 36.6718642934278,
      "mae_std": 4.210275837075948,
      "rmse_mean": 43.62986896632798,
      "rmse_std": 3.416818715822674,
      "n_samples": 5
    },
    "3": {
      "mae_mean": 51.02762611331564,
      "mae_std": 8.794473224146044,
      "rmse_mean": 61.52477532135072,
      "rmse_std": 9.928255336549386,
      "n_samples": 5
    },
    "4": {
      "mae_mean": 39.74629619317752,
      "mae_std": 3.5289662262250436,
      "rmse_mean": 48.03776977661292,
      "rmse_std": 5.995344863306336,
      "n_samples": 5
    },
    "5": {
      "mae_mean": 41.48345175530848,
      "mae_std": 9.925684438454178,
      "rmse_mean": 50.54831282880185,
      "rmse_std": 14.703128887611754,
      "n_samples": 5
    },
    "6": {
      "mae_mean": 43.00044724963893,
      "mae_std": 7.091762836221161,
      "rmse_mean": 51.86354057119968,
      "rmse_std": 8.9616494525514,
      "n_samples": 5
    }
  },
  "daily_metrics": [
    {
      "mae": 45.65815375251256,
      "rmse": 53.178233003521555,
      "mse": 2827.924465376829,
      "mape": 25.640678119703125,
      "correlation": 0.7791685377628417,
      "r_squared": -4.461062865913784,
      "clarke_a": 50.331125827814574,
      "clarke_b": 43.04635761589404,
      "clarke_ab": 93.37748344370861,
      "day": 7,
      "days_since_retrain": 0
    },
    {
      "mae": 27.122027732956823,
      "rmse": 34.42859046421829,
      "mse": 1185.3278413528624,
      "mape": 17.034533162181358,
      "correlation": 0.8027627325690498,
      "r_squared": -0.6421606514255604,
      "clarke_a": 71.52777777777779,
      "clarke_b": 27.083333333333332,
      "clarke_ab": 98.61111111111111,
      "day": 8,
      "days_since_retrain": 1
    },
    {
      "mae": 38.999602313195595,
      "rmse": 44.01902673599136,
      "mse": 1937.674714783922,
      "mape": 23.103835518301945,
      "correlation": 0.8668056544769456,
      "r_squared": -3.4492101738406475,
      "clarke_a": 39.92537313432835,
      "clarke_b": 58.2089552238806,
      "clarke_ab": 98.13432835820896,
      "day": 9,
      "days_since_retrain": 2
    },
    {
      "mae": 46.314376010378446,
      "rmse": 58.87779373393629,
      "mse": 3466.594594975947,
      "mape": 25.654240991543205,
      "correlation": 0.9357302539592107,
      "r_squared": -5.319747424369783,
      "clarke_a": 38.61003861003861,
      "clarke_b": 61.003861003861005,
      "clarke_ab": 99.6138996138996,
      "day": 10,
      "days_since_retrain": 3
    },
    {
      "mae": 40.75694965422716,
      "rmse": 47.62790018726644,
      "mse": 2268.416876248215,
      "mape": 24.24874823190904,
      "correlation": 0.9294328010419816,
      "r_squared": -3.510968311066372,
      "clarke_a": 51.56794425087108,
      "clarke_b": 48.43205574912892,
      "clarke_ab": 100.0,
      "day": 11,
      "days_since_retrain": 4
    },
    {
      "mae": 38.65694586927446,
      "rmse": 44.255681640738715,
      "mse": 1958.565357486418,
      "mape": 23.98314897524697,
      "correlation": 0.8710015267421217,
      "r_squared": -4.306164048180893,
      "clarke_a": 48.095238095238095,
      "clarke_b": 50.476190476190474,
      "clarke_ab": 98.57142857142857,
      "day": 12,
      "days_since_retrain": 5
    },
    {
      "mae": 46.10937713582954,
      "rmse": 54.51371591182216,
      "mse": 2971.7452225148527,
      "mape": 23.722550684839355,
      "correlation": 0.8221598284155524,
      "r_squared": -6.09467187648953,
      "clarke_a": 50.526315789473685,
      "clarke_b": 45.26315789473684,
      "clarke_ab": 95.78947368421052,
      "day": 13,
      "days_since_retrain": 6
    },
    {
      "mae": 52.361515213671446,
      "rmse": 66.44210505196718,
      "mse": 4414.553323736643,
      "mape": 28.257836073025388,
      "correlation": 0.9016988845565469,
      "r_squared": -5.462457853484818,
      "clarke_a": 49.056603773584904,
      "clarke_b": 50.47169811320755,
      "clarke_ab": 99.52830188679246,
      "day": 14,
      "days_since_retrain": 0
    },
    {
      "mae": 42.909297691142186,
      "rmse": 50.042314215199575,
      "mse": 2504.2332120127658,
      "mape": 25.042000485211258,
      "correlation": 0.9282177231008637,
      "r_squared": -6.193342872437755,
      "clarke_a": 48.23529411764706,
      "clarke_b": 50.98039215686274,
      "clarke_ab": 99.2156862745098,
      "day": 15,
      "days_since_retrain": 1
    },
    {
      "mae": 37.27843978998211,
      "rmse": 44.62679225399852,
      "mse": 1991.5505868815421,
      "mape": 22.36829062795448,
      "correlation": 0.896855404973411,
      "r_squared": -4.922014305629447,
      "clarke_a": 55.208333333333336,
      "clarke_b": 42.70833333333333,
      "clarke_ab": 97.91666666666666,
      "day": 16,
      "days_since_retrain": 2
    },
    {
      "mae": 57.97001694170782,
      "rmse": 70.331080626202,
      "mse": 4946.460902049325,
      "mape": 33.96361276841887,
      "correlation": 0.9489991348721016,
      "r_squared": -6.235123814051577,
      "clarke_a": 28.825622775800714,
      "clarke_b": 70.46263345195729,
      "clarke_ab": 99.288256227758,
      "day": 17,
      "days_since_retrain": 3
    },
    {
      "mae": 45.61890586834659,
      "rmse": 58.84574078465301,
      "mse": 3462.821208494575,
      "mape": 25.56930600336801,
      "correlation": 0.8703366476583028,
      "r_squared": -5.1332731045849345,
      "clarke_a": 47.91666666666667,
      "clarke_b": 50.0,
      "clarke_ab": 97.91666666666667,
      "day": 18,
      "days_since_retrain": 4
    },
    {
      "mae": 34.183630917154126,
      "rmse": 42.651041346590674,
      "mse": 1819.111327948587,
      "mape": 19.375834510196835,
      "correlation": 0.8778013576266687,
      "r_squared": -6.783087374687131,
      "clarke_a": 73.66255144032921,
      "clarke_b": 24.691358024691358,
      "clarke_ab": 98.35390946502056,
      "day": 19,
      "days_since_retrain": 5
    },
    {
      "mae": 53.65535463418984,
      "rmse": 64.39409906747406,
      "mse": 4146.599994711664,
      "mape": 30.93604551439253,
      "correlation": 0.7751434391119423,
      "r_squared": -4.399271148476435,
      "clarke_a": 38.0,
      "clarke_b": 57.49999999999999,
      "clarke_ab": 95.5,
      "day": 20,
      "days_since_retrain": 6
    },
    {
      "mae": 33.58895829523,
      "rmse": 44.42486897007375,
      "mse": 1973.5689830082217,
      "mape": 21.77150491335487,
      "correlation": 0.8184506425230846,
      "r_squared": -0.7792236221100575,
      "clarke_a": 52.43055555555556,
      "clarke_b": 45.83333333333333,
      "clarke_ab": 98.26388888888889,
      "day": 21,
      "days_since_retrain": 0
    },
    {
      "mae": 31.89804294238148,
      "rmse": 39.7469703987538,
      "mse": 1579.821655879411,
      "mape": 18.488387364950587,
      "correlation": 0.784162619582216,
      "r_squared": -2.1128290220144876,
      "clarke_a": 66.31944444444444,
      "clarke_b": 32.29166666666667,
      "clarke_ab": 98.61111111111111,
      "day": 22,
      "days_since_retrain": 1
    },
    {
      "mae": 28.47814901427633,
      "rmse": 37.03616559664701,
      "mse": 1371.6775621022598,
      "mape": 16.55078713464593,