{
  "patient_id": "591",
  "strategy": "periodic",
  "retraining_interval_days": 7,
  "summary": {
    "mae_mean": 33.679627923521,
    "mae_std": 12.05692829994287,
    "rmse_mean": 40.48965654849874,
    "rmse_std": 13.392916300997339,
    "clarke_ab_mean": 96.35934302307246,
    "clarke_ab_std": 4.473221447781304,
    "total_days_evaluated": 36,
    "total_retrains": 5
  },
  "sawtooth_pattern": {
    "0": {
      "mae_mean": 28.294215228330685,
      "mae_std": 5.78299810232365,
      "rmse_mean": 33.224460938955524,
      "rmse_std": 5.383536973978232,
      "n_samples": 6
    },
    "1": {
      "mae_mean": 31.55676319156473,
      "mae_std": 10.467601021071882,
      "rmse_mean": 37.84571638380279,
      "rmse_std": 12.680286271444379,
      "n_samples": 6
    },
    "2": {
      "mae_mean": 34.31851551947966,
      "mae_std": 7.990906974959914,
      "rmse_mean": 43.881237667212,
      "rmse_std": 9.455763175399298,
      "n_samples": 6
    },
    "3": {
      "mae_mean": 33.41255373556443,
      "mae_std": 6.631997301208262,
      "rmse_mean": 40.892920416667884,
      "rmse_std": 8.018911015925395,
      "n_samples": 5
    },
    "4": {
      "mae_mean": 39.02838473076637,
      "mae_std": 15.129033880516385,
      "rmse_mean": 46.68374558676069,
      "rmse_std": 16.475485158108054,
      "n_samples": 5
    },
    "5": {
      "mae_mean": 38.99143694522827,
      "mae_std": 19.46825109831104,
      "rmse_mean": 45.961516846524546,
      "rmse_std": 20.68426864453857,
      "n_samples": 4
    },
    "6": {
      "mae_mean": 32.31980037448461,
      "mae_std": 12.693713162101902,
      "rmse_mean": 36.54743710072295,
      "rmse_std": 12.144065102488465,
      "n_samples": 4
    }
  },
  "daily_metrics": [
    {
      "mae": 27.05675566638808,
      "rmse": 31.854378830307994,
      "mse": 1014.701450664774,
      "mape": 15.666316161433647,
      "correlation": 0.7991148236650447,
      "r_squared": -2.3298588849083663,
      "clarke_a": 78.50467289719626,
      "clarke_b": 19.158878504672895,
      "clarke_ab": 97.66355140186916,
      "day": 7,
      "days_since_retrain": 0
    },
    {
      "mae": 47.80719616428752,
      "rmse": 58.405319256970614,
      "mse": 3411.1813175086627,
      "mape": 27.046918024406946,
      "correlation": 0.9443270686297567,
      "r_squared": -2.7782071017467698,
      "clarke_a": 39.71119133574007,
      "clarke_b": 60.28880866425993,
      "clarke_ab": 100.0,
      "day": 8,
      "days_since_retrain": 1
    },
    {
      "mae": 37.709148050198536,
      "rmse": 46.79855945198945,
      "mse": 2190.105166781391,
      "mape": 23.34921095676,
      "correlation": 0.8685375621249203,
      "r_squared": -3.794763436670463,
      "clarke_a": 50.526315789473685,
      "clarke_b": 45.96491228070175,
      "clarke_ab": 96.49122807017544,
      "day": 9,
      "days_since_retrain": 2
    },
    {
      "mae": 32.25653266537224,
      "rmse": 37.4347242832245,
      "mse": 1401.358582161038,
      "mape": 21.267950771742584,
      "correlation": 0.6357495105970239,
      "r_squared": -15.690161745253587,
      "clarke_a": 40.14336917562724,
      "clarke_b": 59.85663082437276,
      "clarke_ab": 100.0,
      "day": 10,
      "days_since_retrain": 3
    },
    {
      "mae": 41.624326275369526,
      "rmse": 47.75052173979807,
      "mse": 2280.112326422928,
      "mape": 26.262700142012847,
      "correlation": 0.8743680004182567,
      "r_squared": -3.8988533380022226,
      "clarke_a": 34.285714285714285,
      "clarke_b": 61.42857142857143,
      "clarke_ab": 95.71428571428572,
      "day": 11,
      "days_since_retrain": 4
    },
    {
      "mae": 33.08702241908983,
      "rmse": 37.41317819287574,
      "mse": 1399.745902491873,
      "mape": 21.21820233527229,
      "correlation": 0.8787603839654703,
      "r_squared": -3.614347959573954,
      "clarke_a": 44.04332129963899,
      "clarke_b": 55.95667870036101,
      "clarke_ab": 100.0,
      "day": 12,
      "days_since_retrain": 5
    },
    {
      "mae": 39.1260500950821,
      "rmse": 42.696129395386464,
      "mse": 1822.9594653475842,
      "mape": 26.773662103265483,
      "correlation": 0.6629537061011249,
      "r_squared": -23.879636900753074,
      "clarke_a": 22.8,
      "clarke_b": 77.2,
      "clarke_ab": 100.0,
      "day": 13,
      "days_since_retrain": 6
    },
    {
      "mae": 18.72767524281818,
      "rmse": 24.448451697001115,
      "mse": 597.7267903805968,
      "mape": 14.468921100195054,
      "correlation": 0.7359227288092618,
      "r_squared": -0.47697787764156163,
      "clarke_a": 66.66666666666666,
      "clarke_b": 33.33333333333333,
      "clarke_ab": 99.99999999999999,
      "day": 14,
      "days_since_retrain": 0
    },
    {
      "mae": 24.007564604001946,
      "rmse": 28.687753527182288,
      "mse": 822.9872024363599,
      "mape": 16.97800871384461,
      "correlation": 0.9222373776561008,
      "r_squared": 0.5126409604523554,
      "clarke_a": 66.31944444444444,
      "clarke_b": 32.29166666666667,
      "clarke_ab": 98.61111111111111,
      "day": 15,
      "days_since_retrain": 1
    },
    {
      "mae": 19.91313702039691,
      "rmse": 26.361173621806028,
      "mse": 694.911474719002,
      "mape": 13.175444429937077,
      "correlation": 0.8677604566358467,
      "r_squared": 0.5726419955058324,
      "clarke_a": 76.38888888888889,
      "clarke_b": 20.48611111111111,
      "clarke_ab": 96.875,
      "day": 16,
      "days_since_retrain": 2
    },
    {
      "mae": 20.93846143089902,
      "rmse": 26.769874282916092,
      "mse": 716.6261691231323,
      "mape": 12.519381163867576,
      "correlation": 0.8618541277888916,
      "r_squared": 0.4753912099828782,
      "clarke_a": 83.15789473684211,
      "clarke_b": 13.684210526315791,
      "clarke_ab": 96.8421052631579,
      "day": 17,
      "days_since_retrain": 3
    },
    {
      "mae": 11.8915821432603,
      "rmse": 16.685908112283585,
      "mse": 278.41952953157113,
      "mape": 6.542901518619988,
      "correlation": 0.8538305232315344,
      "r_squared": 0.6041215268008477,
      "clarke_a": 95.83333333333334,
      "clarke_b": 2.7777777777777777,
      "clarke_ab": 98.61111111111111,
      "day": 18,
      "days_since_retrain": 4
    },
    {
      "mae": 24.142522402557045,
      "rmse": 31.208242841575814,
      "mse": 973.954421258768,
      "mape": 18.198754264945798,
      "correlation": 0.8122294284964544,
      "r_squared": -0.5496564798627943,
      "clarke_a": 57.25490196078431,
      "clarke_b": 41.568627450980394,
      "clarke_ab": 98.8235294117647,
      "day": 19,
      "days_since_retrain": 5
    },
    {
      "mae": 18.76066423696282,
      "rmse": 23.445838183771965,
      "mse": 549.7073281396194,
      "mape": 12.957143540162605,
      "correlation": 0.8692286087516851,
      "r_squared": 0.40079752137236724,
      "clarke_a": 77.14285714285715,
      "clarke_b": 22.142857142857142,
      "clarke_ab": 99.28571428571429,
      "day": 20,
      "days_since_retrain": 6
    },
    {
      "mae": 35.04927484425259,
      "rmse": 39.29826973886245,
      "mse": 1544.354004468392,
      "mape": 24.2298971972619,
      "correlation": 0.859297524982167,
      "r_squared": -2.5353707631739084,
      "clarke_a": 35.3356890459364,
      "clarke_b": 58.657243816254415,
      "clarke_ab": 93.99293286219081,
      "day": 21,
      "days_since_retrain": 0
    },
    {
      "mae": 20.45579166838012,
      "rmse": 24.80423425116109,
      "mse": 615.2500367864731,
      "mape": 12.911729872385102,
      "correlation": 0.7631620009697154,
      "r_squared": -0.4285859716802931,
      "clarke_a": 86.80555555555556,
      "clarke_b": 13.194444444444445,
      "clarke_ab": 100.0,
      "day": 22,
      "days_since_retrain": 1
    },
    {
      "mae": 43.67779312314674,
      "rmse": 52.650116886527705,
      "mse": 2772.0348081650295,
      "mape": 27.994097734656336,
      "correlation": 0.9096947876474867,