{
  "patient_id": "563",
  "strategy": "periodic",
  "retraining_interval_days": 7,
  "summary": {
    "mae_mean": 14.383375070852624,
    "mae_std": 5.189282363843741,
    "rmse_mean": 19.92939628148509,
    "rmse_std": 8.995927161551599,
    "clarke_ab_mean": 98.68315247424533,
    "clarke_ab_std": 1.5025348594780612,
    "total_days_evaluated": 38,
    "total_retrains": 5
  },
  "sawtooth_pattern": {
    "0": {
      "mae_mean": 15.329489153179935,
      "mae_std": 5.525742347764941,
      "rmse_mean": 21.701410800056298,
      "rmse_std": 9.905590369117808,
      "n_samples": 6
    },
    "1": {
      "mae_mean": 13.534220827640445,
      "mae_std": 2.903951568640306,
      "rmse_mean": 17.329617961519432,
      "rmse_std": 3.7213858860412063,
      "n_samples": 6
    },
    "2": {
      "mae_mean": 19.405128265285768,
      "mae_std": 8.332821512830158,
      "rmse_mean": 29.656506518567088,
      "rmse_std": 14.826747320603175,
      "n_samples": 6
    },
    "3": {
      "mae_mean": 13.491839165230873,
      "mae_std": 2.6327817288383333,
      "rmse_mean": 17.97959774218299,
      "rmse_std": 3.5517349080399367,
      "n_samples": 6
    },
    "4": {
      "mae_mean": 11.879648196261451,
      "mae_std": 2.201458682662539,
      "rmse_mean": 16.812003591295593,
      "rmse_std": 2.190613992544579,
      "n_samples": 4
    },
    "5": {
      "mae_mean": 11.276045317907046,
      "mae_std": 2.2407121449661322,
      "rmse_mean": 14.900867285450602,
      "rmse_std": 2.985183070029681,
      "n_samples": 5
    },
    "6": {
      "mae_mean": 14.421073769959298,
      "mae_std": 3.087406965219055,
      "rmse_mean": 19.11238195400866,
      "rmse_std": 5.028293220886543,
      "n_samples": 5
    }
  },
  "daily_metrics": [
    {
      "mae": 15.324688858159494,
      "rmse": 21.69194464402458,
      "mse": 470.5404624394267,
      "mape": 11.782897803027574,
      "correlation": 0.8429670140866072,
      "r_squared": 0.6769961062131662,
      "clarke_a": 79.85865724381625,
      "clarke_b": 17.6678445229682,
      "clarke_ab": 97.52650176678445,
      "day": 7,
      "days_since_retrain": 0
    },
    {
      "mae": 16.19561769811659,
      "rmse": 21.32042647977676,
      "mse": 454.56058527956606,
      "mape": 11.874219857049306,
      "correlation": 0.9059834729488876,
      "r_squared": 0.8006586632897921,
      "clarke_a": 86.11111111111111,
      "clarke_b": 11.11111111111111,
      "clarke_ab": 97.22222222222223,
      "day": 8,
      "days_since_retrain": 1
    },
    {
      "mae": 20.795209495856497,
      "rmse": 35.88957717833663,
      "mse": 1288.0617500397816,
      "mape": 15.9072735881539,
      "correlation": 0.8682098750264017,
      "r_squared": 0.3560684822045769,
      "clarke_a": 71.52777777777779,
      "clarke_b": 23.26388888888889,
      "clarke_ab": 94.79166666666667,
      "day": 9,
      "days_since_retrain": 2
    },
    {
      "mae": 13.459662431324265,
      "rmse": 16.572219738845384,
      "mse": 274.63846707257653,
      "mape": 11.665399259367176,
      "correlation": 0.8933540586258941,
      "r_squared": 0.7685304158416391,
      "clarke_a": 80.20833333333334,
      "clarke_b": 17.708333333333336,
      "clarke_ab": 97.91666666666669,
      "day": 10,
      "days_since_retrain": 3
    },
    {
      "mae": 11.487202669291092,
      "rmse": 18.576648551624217,
      "mse": 345.0918714105621,
      "mape": 8.900486705163908,
      "correlation": 0.8314012069105915,
      "r_squared": 0.6404134554604408,
      "clarke_a": 93.27731092436974,
      "clarke_b": 6.722689075630252,
      "clarke_ab": 100.0,
      "day": 11,
      "days_since_retrain": 4
    },
    {
      "mae": 14.64602566926133,
      "rmse": 19.672607977592502,
      "mse": 387.0115046400362,
      "mape": 11.360861556795607,
      "correlation": 0.9354062440675991,
      "r_squared": 0.8189963102441041,
      "clarke_a": 82.92682926829268,
      "clarke_b": 17.073170731707318,
      "clarke_ab": 100.0,
      "day": 12,
      "days_since_retrain": 5
    },
    {
      "mae": 13.034338708432259,
      "rmse": 16.793164185861933,
      "mse": 282.01036337331584,
      "mape": 9.265298187674038,
      "correlation": 0.9006689517184687,
      "r_squared": 0.7993128202568032,
      "clarke_a": 93.40277777777779,
      "clarke_b": 5.208333333333334,
      "clarke_ab": 98.61111111111111,
      "day": 13,
      "days_since_retrain": 6
    },
    {
      "mae": 11.536941207453653,
      "rmse": 15.669138793057549,
      "mse": 245.521910516101,
      "mape": 7.696891187761788,
      "correlation": 0.9011579332534496,
      "r_squared": 0.7804006115705463,
      "clarke_a": 96.52777777777779,
      "clarke_b": 3.4722222222222223,
      "clarke_ab": 100.00000000000001,
      "day": 14,
      "days_since_retrain": 0
    },
    {
      "mae": 12.729141775317869,
      "rmse": 16.583966484105794,
      "mse": 275.02794434594426,
      "mape": 9.76628867312312,
      "correlation": 0.916521576391385,
      "r_squared": 0.7699578137320215,
      "clarke_a": 90.10600706713781,
      "clarke_b": 9.89399293286219,
      "clarke_ab": 100.0,
      "day": 15,
      "days_since_retrain": 1
    },
    {
      "mae": 15.197789095881745,
      "rmse": 21.43346038296769,
      "mse": 459.3932239882456,
      "mape": 11.933116358712455,
      "correlation": 0.8112414124097733,
      "r_squared": 0.45991194461810425,
      "clarke_a": 87.01754385964912,
      "clarke_b": 12.982456140350877,
      "clarke_ab": 100.0,
      "day": 16,
      "days_since_retrain": 2
    },
    {
      "mae": 13.491439725415233,
      "rmse": 17.841443357855496,
      "mse": 318.317101091566,
      "mape": 10.544231024434861,
      "correlation": 0.7906165938310159,
      "r_squared": 0.5589403652993467,
      "clarke_a": 85.71428571428571,
      "clarke_b": 13.240418118466899,
      "clarke_ab": 98.95470383275261,
      "day": 17,
      "days_since_retrain": 3
    },
    {
      "mae": 10.074385710793834,
      "rmse": 13.411361350246818,
      "mse": 179.86461326689414,
      "mape": 7.626213610898399,
      "correlation": 0.9219193891216875,
      "r_squared": 0.8338528488961912,
      "clarke_a": 91.26984126984127,
      "clarke_b": 8.73015873015873,
      "clarke_ab": 100.0,
      "day": 19,
      "days_since_retrain": 5
    },
    {
      "mae": 19.95354112250234,
      "rmse": 28.851408256930853,
      "mse": 832.4037584080978,
      "mape": 14.31337861543596,
      "correlation": 0.8580652697387572,
      "r_squared": 0.4469591473961446,
      "clarke_a": 79.16666666666666,
      "clarke_b": 18.75,
      "clarke_ab": 97.91666666666666,
      "day": 20,
      "days_since_retrain": 6
    },
    {
      "mae": 15.580509241350693,
      "rmse": 20.411513382134736,
      "mse": 416.62987854906544,
      "mape": 10.286564808082705,
      "correlation": 0.8817008026776577,
      "r_squared": 0.730467393563278,
      "clarke_a": 90.625,
      "clarke_b": 7.8125,
      "clarke_ab": 98.4375,
      "day": 21,
      "days_since_retrain": 0
    },
    {
      "mae": 12.413558117656091,
      "rmse": 16.32962091448369,
      "mse": 266.6565192107431,
      "mape": 8.27868049668603,
      "correlation": 0.9393555678492205,
      "r_squared": 0.8197906945625898,
      "clarke_a": 95.78947368421052,
      "clarke_b": 4.2105263157894735,
      "clarke_ab": 100.0,
      "day": 22,
      "days_since_retrain": 1
    },
    {
      "mae": 11.788406444497706,
      "rmse": 18.593783046073238,
      "mse": 345.7287679644405,
      "mape": 7.904231917149995,
      "correlation": 0.8990850327562606,
      "r_squared": 0.7696611569044656,
      "clarke_a": 90.27777777777779,
      "clarke_b": 7.291666666666667,
      "clarke_ab": 97.56944444444446,
      "day": 23,
      "days_since_retrain": 2
    },
    {
      "mae": 17.63172411005486,
      "rmse": 22.66124291070254,
      "mse": 513.5319302578662,
      "mape": 12.32190042737784,
      "correlation": 0.9184238480904873,