{
  "patient_id": "570",
  "strategy": "periodic",
  "retraining_interval_days": 7,
  "summary": {
    "mae_mean": 32.77850268206954,
    "mae_std": 10.632032635521721,
    "rmse_mean": 39.90190990253131,
    "rmse_std": 11.951797026907487,
    "clarke_ab_mean": 97.585807113192,
    "clarke_ab_std": 2.7428331751424673,
    "total_days_evaluated": 34,
    "total_retrains": 4
  },
  "sawtooth_pattern": {
    "0": {
      "mae_mean": 41.66360844494558,
      "mae_std": 15.013543080755946,
      "rmse_mean": 49.38801813695561,
      "rmse_std": 15.25487409033524,
      "n_samples": 5
    },
    "1": {
      "mae_mean": 31.63434910544525,
      "mae_std": 8.767744814061988,
      "rmse_mean": 39.08538976894578,
      "rmse_std": 11.548704302792778,
      "n_samples": 5
    },
    "2": {
      "mae_mean": 37.683725954346606,
      "mae_std": 8.333988008599487,
      "rmse_mean": 45.784608787938865,
      "rmse_std": 10.99514426130586,
      "n_samples": 5
    },
    "3": {
      "mae_mean": 29.31032486270768,
      "mae_std": 8.470783237328403,
      "rmse_mean": 35.83863896247572,
      "rmse_std": 8.669664199111917,
      "n_samples": 5
    },
    "4": {
      "mae_mean": 30.361397980102492,
      "mae_std": 8.825799687932932,
      "rmse_mean": 37.16945474970456,
      "rmse_std": 9.644349971394075,
      "n_samples": 5
    },
    "5": {
      "mae_mean": 26.80513356896169,
      "mae_std": 6.523334347887653,
      "rmse_mean": 33.33650761618226,
      "rmse_std": 8.497355960033826,
      "n_samples": 5
    },
    "6": {
      "mae_mean": 31.79409790195452,
      "mae_std": 7.590485885064086,
      "rmse_mean": 38.41296164376263,
      "rmse_std": 7.89595129657748,
      "n_samples": 4
    }
  },
  "daily_metrics": [
    {
      "mae": 47.23952121819795,
      "rmse": 53.50693235972673,
      "mse": 2862.9918105483716,
      "mape": 24.300703717042374,
      "correlation": 0.8803832543424488,
      "r_squared": -3.929373248942686,
      "clarke_a": 46.52777777777778,
      "clarke_b": 52.083333333333336,
      "clarke_ab": 98.61111111111111,
      "day": 7,
      "days_since_retrain": 0
    },
    {
      "mae": 31.96578842862447,
      "rmse": 41.152908434084324,
      "mse": 1693.5618725841287,
      "mape": 15.528441026381328,
      "correlation": 0.9066499822512251,
      "r_squared": -6.557375222051673,
      "clarke_a": 70.48611111111111,
      "clarke_b": 29.51388888888889,
      "clarke_ab": 100.0,
      "day": 8,
      "days_since_retrain": 1
    },
    {
      "mae": 41.24188782510626,
      "rmse": 45.81490845252681,
      "mse": 2099.0058365134123,
      "mape": 22.001077550069606,
      "correlation": 0.9806684735453509,
      "r_squared": -3.226998989586015,
      "clarke_a": 57.509157509157504,
      "clarke_b": 42.49084249084249,
      "clarke_ab": 100.0,
      "day": 9,
      "days_since_retrain": 2
    },
    {
      "mae": 28.598605487601727,
      "rmse": 34.67749422480562,
      "mse": 1202.5286057114272,
      "mape": 15.131650753561818,
      "correlation": 0.8784942108629887,
      "r_squared": -3.3502850360971363,
      "clarke_a": 73.14814814814815,
      "clarke_b": 24.537037037037038,
      "clarke_ab": 97.68518518518519,
      "day": 10,
      "days_since_retrain": 3
    },
    {
      "mae": 18.278336346785455,
      "rmse": 26.89327767480569,
      "mse": 723.2483840942023,
      "mape": 10.823005926750746,
      "correlation": 0.8959805434638853,
      "r_squared": -4.474943397348571,
      "clarke_a": 82.08955223880598,
      "clarke_b": 16.791044776119403,
      "clarke_ab": 98.88059701492539,
      "day": 11,
      "days_since_retrain": 4
    },
    {
      "mae": 16.244468829365854,
      "rmse": 19.844707291283623,
      "mse": 393.81240747672535,
      "mape": 9.2424292251877,
      "correlation": 0.8235997235596217,
      "r_squared": -1.387042315483583,
      "clarke_a": 81.59722222222221,
      "clarke_b": 17.36111111111111,
      "clarke_ab": 98.95833333333333,
      "day": 12,
      "days_since_retrain": 5
    },
    {
      "mae": 24.86152934907172,
      "rmse": 30.62572890626891,
      "mse": 937.9352710402751,
      "mape": 14.105283329982582,
      "correlation": 0.7662316297770424,
      "r_squared": -1.135926307477341,
      "clarke_a": 77.08333333333334,
      "clarke_b": 18.75,
      "clarke_ab": 95.83333333333334,
      "day": 13,
      "days_since_retrain": 6
    },
    {
      "mae": 40.88972731545565,
      "rmse": 50.751410015734926,
      "mse": 2575.7056185852393,
      "mape": 24.31210289409264,
      "correlation": 0.3679847133269617,
      "r_squared": -7.11851319067579,
      "clarke_a": 44.44444444444444,
      "clarke_b": 45.13888888888889,
      "clarke_ab": 89.58333333333334,
      "day": 14,
      "days_since_retrain": 0
    },
    {
      "mae": 35.34015184287725,
      "rmse": 45.07122619227528,
      "mse": 2031.4154304752415,
      "mape": 19.422873619040416,
      "correlation": 0.5991417942590264,
      "r_squared": -5.074425333348735,
      "clarke_a": 67.3913043478261,
      "clarke_b": 22.10144927536232,
      "clarke_ab": 89.4927536231884,
      "day": 15,
      "days_since_retrain": 1
    },
    {
      "mae": 42.95244476267086,
      "rmse": 54.457674081065285,
      "mse": 2965.6382663195295,
      "mape": 20.68683006689982,
      "correlation": 0.9329780107708621,
      "r_squared": -5.838136404199557,
      "clarke_a": 61.057692307692314,
      "clarke_b": 37.5,
      "clarke_ab": 98.55769230769232,
      "day": 16,
      "days_since_retrain": 2
    },
    {
      "mae": 24.67076772902026,
      "rmse": 32.30751596526462,
      "mse": 1043.7755878458286,
      "mape": 14.041173451261646,
      "correlation": 0.7799835009349774,
      "r_squared": -0.46856255901764277,
      "clarke_a": 65.97222222222221,
      "clarke_b": 32.98611111111111,
      "clarke_ab": 98.95833333333331,
      "day": 17,
      "days_since_retrain": 3
    },
    {
      "mae": 32.82019306110797,
      "rmse": 38.64399587057181,
      "mse": 1493.3584168447708,
      "mape": 19.079398906839547,
      "correlation": 0.9143171267127165,
      "r_squared": -2.9644400217727336,
      "clarke_a": 62.5,
      "clarke_b": 36.11111111111111,
      "clarke_ab": 98.61111111111111,
      "day": 18,
      "days_since_retrain": 4
    },
    {
      "mae": 29.861983207793358,
      "rmse": 37.728071671121654,
      "mse": 1423.4073920212925,
      "mape": 16.373496004771173,
      "correlation": 0.9524356034371894,
      "r_squared": -5.143549562776753,
      "clarke_a": 76.24113475177306,
      "clarke_b": 23.75886524822695,
      "clarke_ab": 100.00000000000001,
      "day": 19,
      "days_since_retrain": 5
    },
    {
      "mae": 41.94218542336114,
      "rmse": 49.27649990417775,
      "mse": 2428.173442806429,
      "mape": 24.952042066805763,
      "correlation": 0.9104710628769408,
      "r_squared": -4.447306398469379,
      "clarke_a": 43.40277777777778,
      "clarke_b": 54.513888888888886,
      "clarke_ab": 97.91666666666666,
      "day": 20,
      "days_since_retrain": 6
    },
    {
      "mae": 14.668100739022261,
      "rmse": 22.414240032031998,
      "mse": 502.39815621354575,
      "mape": 9.107060708332074,
      "correlation": 0.8813938049009105,
      "r_squared": 0.16082616712007503,
      "clarke_a": 82.48175182481752,
      "clarke_b": 15.328467153284672,
      "clarke_ab": 97.8102189781022,
      "day": 21,
      "days_since_retrain": 0
    },
    {
      "mae": 28.4852201940976,
      "rmse": 34.115228000356446,
      "mse": 1163.8487815163046,
      "mape": 17.091603095049198,
      "correlation": 0.9186828509885481,
      "r_squared": 0.2975045871876194,
      "clarke_a": 64.20664206642066,
      "clarke_b": 30.996309963099634,
      "clarke_ab": 95.20295202952029,
      "day": 22,
      "days_since_retrain": 1
    },
    {
      "mae": 29.703457841493655,
      "rmse": 34.067655261970685,
      "mse": 1160.6051350484788,
      "mape": 21.148601100130016,