{
  "patient_id": "559",
  "strategy": "periodic",
  "retraining_interval_days": 7,
  "summary": {
    "mae_mean": 38.22300295470906,
    "mae_std": 9.773338992784332,
    "rmse_mean": 46.591195496282126,
    "rmse_std": 11.508158127468024,
    "clarke_ab_mean": 97.55816722885032,
    "clarke_ab_std": 2.3798263039807144,
    "total_days_evaluated": 35,
    "total_retrains": 4
  },
  "sawtooth_pattern": {
    "0": {
      "mae_mean": 42.769624390170684,
      "mae_std": 13.782757512415442,
      "rmse_mean": 51.61985939312475,
      "rmse_std": 16.03030220229719,
      "n_samples": 5
    },
    "1": {
      "mae_mean": 35.842362356095215,
      "mae_std": 8.037671611162786,
      "rmse_mean": 43.1419619619853,
      "rmse_std": 7.4617082837524125,
      "n_samples": 5
    },
    "2": {
      "mae_mean": 32.85009493196152,
      "mae_std": 5.101100583391432,
      "rmse_mean": 39.59204517698117,
      "rmse_std": 4.221316727272833,
      "n_samples": 5
    },
    "3": {
      "mae_mean": 47.544900193483336,
      "mae_std": 9.221347843120121,
      "rmse_mean": 57.35160392778878,
      "rmse_std": 10.662481556461422,
      "n_samples": 5
    },
    "4": {
      "mae_mean": 34.747394375251496,
      "mae_std": 5.591873550122049,
      "rmse_mean": 42.245200813842786,
      "rmse_std": 6.997055002942025,
      "n_samples": 5
    },
    "5": {
      "mae_mean": 36.756766223680565,
      "mae_std": 7.7469871811974915,
      "rmse_mean": 45.42258871146738,
      "rmse_std": 11.658851226694445,
      "n_samples": 5
    },
    "6": {
      "mae_mean": 37.04987821232065,
      "mae_std": 7.349021758694754,
      "rmse_mean": 46.76510848878468,
      "rmse_std": 8.70505037388281,
      "n_samples": 5
    }
  },
  "daily_metrics": [
    {
      "mae": 45.65815375251256,
      "rmse": 53.178233003521555,
      "mse": 2827.924465376829,
      "mape": 25.640678119703125,
      "correlation": 0.7791685377628417,
      "r_squared": -4.461062865913784,
      "clarke_a": 50.331125827814574,
      "clarke_b": 43.04635761589404,
      "clarke_ab": 93.37748344370861,
      "day": 7,
      "days_since_retrain": 0
    },
    {
      "mae": 27.122027732956823,
      "rmse": 34.42859046421829,
      "mse": 1185.3278413528624,
      "mape": 17.034533162181358,
      "correlation": 0.8027627325690498,
      "r_squared": -0.6421606514255604,
      "clarke_a": 71.52777777777779,
      "clarke_b": 27.083333333333332,
      "clarke_ab": 98.61111111111111,
      "day": 8,
      "days_since_retrain": 1
    },
    {
      "mae": 38.999602313195595,
      "rmse": 44.01902673599136,
      "mse": 1937.674714783922,
      "mape": 23.103835518301945,
      "correlation": 0.8668056544769456,
      "r_squared": -3.4492101738406475,
      "clarke_a": 39.92537313432835,
      "clarke_b": 58.2089552238806,
      "clarke_ab": 98.13432835820896,
      "day": 9,
      "days_since_retrain": 2
    },
    {
      "mae": 46.314376010378446,
      "rmse": 58.87779373393629,
      "mse": 3466.594594975947,
      "mape": 25.654240991543205,
      "correlation": 0.9357302539592107,
      "r_squared": -5.319747424369783,
      "clarke_a": 38.61003861003861,
      "clarke_b": 61.003861003861005,
      "clarke_ab": 99.6138996138996,
      "day": 10,
      "days_since_retrain": 3
    },
    {
      "mae": 40.75694965422716,
      "rmse": 47.62790018726644,
      "mse": 2268.416876248215,
      "mape": 24.24874823190904,
      "correlation": 0.9294328010419816,
      "r_squared": -3.510968311066372,
      "clarke_a": 51.56794425087108,
      "clarke_b": 48.43205574912892,
      "clarke_ab": 100.0,
      "day": 11,
      "days_since_retrain": 4
    },
    {
      "mae": 38.65694586927446,
      "rmse": 44.255681640738715,
      "mse": 1958.565357486418,
      "mape": 23.98314897524697,
      "correlation": 0.8710015267421217,
      "r_squared": -4.306164048180893,
      "clarke_a": 48.095238095238095,
      "clarke_b": 50.476190476190474,
      "clarke_ab": 98.57142857142857,
      "day": 12,
      "days_since_retrain": 5
    },
    {
      "mae": 46.10937713582954,
      "rmse": 54.51371591182216,
      "mse": 2971.7452225148527,
      "mape": 23.722550684839355,
      "correlation": 0.8221598284155524,
      "r_squared": -6.09467187648953,
      "clarke_a": 50.526315789473685,
      "clarke_b": 45.26315789473684,
      "clarke_ab": 95.78947368421052,
      "day": 13,
      "days_since_retrain": 6
    },
    {
      "mae": 48.60124482634454,
      "rmse": 60.04274170840562,
      "mse": 3605.1308318623123,
      "mape": 25.707662095882682,
      "correlation": 0.9034354540392342,
      "r_squared": -2.564670485779831,
      "clarke_a": 48.113207547169814,
      "clarke_b": 50.943396226415096,
      "clarke_ab": 99.05660377358491,
      "day": 14,
      "days_since_retrain": 0
    },
    {
      "mae": 38.42862130921951,
      "rmse": 44.46282397303088,
      "mse": 1976.9427156567297,
      "mape": 22.09925847013499,
      "correlation": 0.9262105375303744,
      "r_squared": -2.0669902437333074,
      "clarke_a": 54.11764705882353,
      "clarke_b": 42.35294117647059,
      "clarke_ab": 96.47058823529412,
      "day": 15,
      "days_since_retrain": 1
    },
    {
      "mae": 32.40651092075999,
      "rmse": 39.618392215606946,
      "mse": 1569.6170017496652,
      "mape": 19.27932101677944,
      "correlation": 0.8978176061656534,
      "r_squared": -1.329229082556199,
      "clarke_a": 58.333333333333336,
      "clarke_b": 40.625,
      "clarke_ab": 98.95833333333334,
      "day": 16,
      "days_since_retrain": 2
    },
    {
      "mae": 55.21327419886882,
      "rmse": 65.84321750746793,
      "mse": 4335.329291735731,
      "mape": 32.28158370951047,
      "correlation": 0.9501307653332309,
      "r_squared": -3.3443244673653076,
      "clarke_a": 27.75800711743772,
      "clarke_b": 70.1067615658363,
      "clarke_ab": 97.86476868327401,
      "day": 17,
      "days_since_retrain": 3
    },
    {
      "mae": 41.069806788259335,
      "rmse": 52.266180273362714,
      "mse": 2731.7536003676496,
      "mape": 22.616610411436355,
      "correlation": 0.9077029692556526,
      "r_squared": -2.1070567123118353,
      "clarke_a": 53.125,
      "clarke_b": 44.09722222222222,
      "clarke_ab": 97.22222222222223,
      "day": 18,
      "days_since_retrain": 4
    },
    {
      "mae": 27.319537551890704,
      "rmse": 36.28067946083884,
      "mse": 1316.2877021401334,
      "mape": 14.983021910479211,
      "correlation": 0.8887861035070672,
      "r_squared": -2.228046996420958,
      "clarke_a": 75.7201646090535,
      "clarke_b": 20.98765432098765,
      "clarke_ab": 96.70781893004116,
      "day": 19,
      "days_since_retrain": 5
    },
    {
      "mae": 45.434390666906886,
      "rmse": 57.53912688387039,
      "mse": 3310.7511225581356,
      "mape": 25.53888842016956,
      "correlation": 0.8027663394470523,
      "r_squared": -1.7115907091195823,
      "clarke_a": 57.49999999999999,
      "clarke_b": 35.5,
      "clarke_ab": 93.0,
      "day": 20,
      "days_since_retrain": 6
    },
    {
      "mae": 30.33303499211366,
      "rmse": 39.84390451099223,
      "mse": 1587.5367266810672,
      "mape": 20.034946421796782,
      "correlation": 0.8918003096995223,
      "r_squared": -0.36686897594746815,
      "clarke_a": 49.65277777777778,
      "clarke_b": 48.95833333333333,
      "clarke_ab": 98.61111111111111,
      "day": 21,
      "days_since_retrain": 0
    },
    {
      "mae": 26.868926826560475,
      "rmse": 35.404508302616115,
      "mse": 1253.4792081500136,
      "mape": 15.29253354155087,
      "correlation": 0.8366413583636809,
      "r_squared": -1.0542663739245488,
      "clarke_a": 72.22222222222221,
      "clarke_b": 26.73611111111111,
      "clarke_ab": 98.95833333333333,
      "day": 22,
      "days_since_retrain": 1
    },
    {
      "mae": 23.710592134047463,
      "rmse": 31.723688296713195,
      "mse": 1006.3923991470178,
      "mape": 13.312503878043069,