{
  "patient_id": "563",
  "strategy": "periodic",
  "retraining_interval_days": 7,
  "summary": {
    "mae_mean": 25.73647344399245,
    "mae_std": 8.672836791077357,
    "rmse_mean": 31.993267284885118,
    "rmse_std": 11.341750075765715,
    "clarke_ab_mean": 98.10441512368352,
    "clarke_ab_std": 2.619192640435359,
    "total_days_evaluated": 38,
    "total_retrains": 5
  },
  "sawtooth_pattern": {
    "0": {
      "mae_mean": 25.805519538121658,
      "mae_std": 7.314333924985702,
      "rmse_mean": 32.84986959123649,
      "rmse_std": 9.06684212385876,
      "n_samples": 6
    },
    "1": {
      "mae_mean": 23.714586313210788,
      "mae_std": 6.67947826832166,
      "rmse_mean": 28.63033958479293,
      "rmse_std": 7.0789866686305025,
      "n_samples": 6
    },
    "2": {
      "mae_mean": 31.61842967703458,
      "mae_std": 13.336090182739614,
      "rmse_mean": 41.45943076083106,
      "rmse_std": 19.295280118195752,
      "n_samples": 6
    },
    "3": {
      "mae_mean": 22.787772650879475,
      "mae_std": 5.087436589966374,
      "rmse_mean": 27.69782934381097,
      "rmse_std": 5.125318600872518,
      "n_samples": 6
    },
    "4": {
      "mae_mean": 21.4931851510244,
      "mae_std": 4.173336754854876,
      "rmse_mean": 26.814467499589263,
      "rmse_std": 4.665733559660205,
      "n_samples": 4
    },
    "5": {
      "mae_mean": 27.027320620318733,
      "mae_std": 8.335714935036734,
      "rmse_mean": 32.148384443526695,
      "rmse_std": 8.922596326593869,
      "n_samples": 5
    },
    "6": {
      "mae_mean": 26.66375961810855,
      "mae_std": 7.22700151175524,
      "rmse_mean": 32.78390978512309,
      "rmse_std": 8.791866585229403,
      "n_samples": 5
    }
  },
  "daily_metrics": [
    {
      "mae": 28.158642826053985,
      "rmse": 34.1857983641613,
      "mse": 1168.6688097950935,
      "mape": 20.690217636985608,
      "correlation": 0.6793631282228207,
      "r_squared": -16.143193854049294,
      "clarke_a": 53.71024734982333,
      "clarke_b": 46.28975265017668,
      "clarke_ab": 100.0,
      "day": 7,
      "days_since_retrain": 0
    },
    {
      "mae": 35.23689640755454,
      "rmse": 40.91030256794024,
      "mse": 1673.6528562004178,
      "mape": 25.363786271225642,
      "correlation": 0.6543724153658539,
      "r_squared": -5.0196780112553,
      "clarke_a": 40.27777777777778,
      "clarke_b": 56.59722222222222,
      "clarke_ab": 96.875,
      "day": 8,
      "days_since_retrain": 1
    },
    {
      "mae": 42.299267495952414,
      "rmse": 54.48201676684742,
      "mse": 2968.290150983044,
      "mape": 31.001830727919955,
      "correlation": 0.7124762587662757,
      "r_squared": -7.908010578672629,
      "clarke_a": 32.29166666666667,
      "clarke_b": 60.06944444444444,
      "clarke_ab": 92.36111111111111,
      "day": 9,
      "days_since_retrain": 2
    },
    {
      "mae": 30.405540794516483,
      "rmse": 34.90518615197466,
      "mse": 1218.3720203040039,
      "mape": 23.421868397813807,
      "correlation": 0.6369654297960126,
      "r_squared": -8.929000114134144,
      "clarke_a": 43.40277777777778,
      "clarke_b": 56.59722222222222,
      "clarke_ab": 100.0,
      "day": 10,
      "days_since_retrain": 3
    },
    {
      "mae": 23.15930082423454,
      "rmse": 28.18978048445212,
      "mse": 794.6637237615976,
      "mape": 17.206350358045512,
      "correlation": 0.7773559806489796,
      "r_squared": -15.560931191841341,
      "clarke_a": 57.56302521008403,
      "clarke_b": 42.436974789915965,
      "clarke_ab": 100.0,
      "day": 11,
      "days_since_retrain": 4
    },
    {
      "mae": 38.21158778840519,
      "rmse": 43.71285029023255,
      "mse": 1910.8132804962838,
      "mape": 27.725041186268832,
      "correlation": 0.9038983233522133,
      "r_squared": -13.369651806817675,
      "clarke_a": 34.84320557491289,
      "clarke_b": 64.45993031358886,
      "clarke_ab": 99.30313588850174,
      "day": 12,
      "days_since_retrain": 5
    },
    {
      "mae": 23.55176724306959,
      "rmse": 29.79147747906134,
      "mse": 887.532130385419,
      "mape": 16.983450580548187,
      "correlation": 0.6742946465745723,
      "r_squared": -6.409754809785587,
      "clarke_a": 65.97222222222221,
      "clarke_b": 34.02777777777778,
      "clarke_ab": 100.0,
      "day": 13,
      "days_since_retrain": 6
    },
    {
      "mae": 19.24413122717763,
      "rmse": 23.743676360351937,
      "mse": 563.7621671051354,
      "mape": 12.34729697568944,
      "correlation": 0.8471890260158523,
      "r_squared": -2.1003805544199725,
      "clarke_a": 83.68055555555556,
      "clarke_b": 16.319444444444446,
      "clarke_ab": 100.0,
      "day": 14,
      "days_since_retrain": 0
    },
    {
      "mae": 27.20533362400681,
      "rmse": 33.078587643787486,
      "mse": 1094.1929605077303,
      "mape": 18.2066925957136,
      "correlation": 0.8835528938034783,
      "r_squared": -8.20820031138539,
      "clarke_a": 55.47703180212014,
      "clarke_b": 40.98939929328622,
      "clarke_ab": 96.46643109540636,
      "day": 15,
      "days_since_retrain": 1
    },
    {
      "mae": 27.310935126218705,
      "rmse": 31.72816208721322,
      "mse": 1006.6762694324744,
      "mape": 18.876306858399026,
      "correlation": 0.8251425182610751,
      "r_squared": -7.7558782408243285,
      "clarke_a": 50.175438596491226,
      "clarke_b": 49.122807017543856,
      "clarke_ab": 99.29824561403508,
      "day": 16,
      "days_since_retrain": 2
    },
    {
      "mae": 19.98892920858269,
      "rmse": 25.990719582259988,
      "mse": 675.5175044036728,
      "mape": 13.759008248106225,
      "correlation": 0.7991219062479331,
      "r_squared": -6.675697741338977,
      "clarke_a": 67.59581881533101,
      "clarke_b": 32.40418118466899,
      "clarke_ab": 100.0,
      "day": 17,
      "days_since_retrain": 3
    },
    {
      "mae": 23.659355350382377,
      "rmse": 29.395354941402605,
      "mse": 864.0868921310426,
      "mape": 16.80084073848833,
      "correlation": 0.9254734389988767,
      "r_squared": -5.259551808964076,
      "clarke_a": 57.936507936507944,
      "clarke_b": 42.06349206349206,
      "clarke_ab": 100.0,
      "day": 19,
      "days_since_retrain": 5
    },
    {
      "mae": 32.50899652128933,
      "rmse": 39.05468487202914,
      "mse": 1525.2684104535017,
      "mape": 21.452405176457244,
      "correlation": 0.7675161105184835,
      "r_squared": -4.999231146580409,
      "clarke_a": 50.0,
      "clarke_b": 44.44444444444444,
      "clarke_ab": 94.44444444444444,
      "day": 20,
      "days_since_retrain": 6
    },
    {
      "mae": 16.217431303275067,
      "rmse": 23.339163259982037,
      "mse": 544.7165416760954,
      "mape": 10.467331720062308,
      "correlation": 0.8809809132994586,
      "r_squared": 0.3548153128332835,
      "clarke_a": 85.15625,
      "clarke_b": 13.671875,
      "clarke_ab": 98.828125,
      "day": 21,
      "days_since_retrain": 0
    },
    {
      "mae": 16.50833095858131,
      "rmse": 22.164359828100867,
      "mse": 491.25884658953146,
      "mape": 10.757912442991158,
      "correlation": 0.9270480613914883,
      "r_squared": 0.4436093687687618,
      "clarke_a": 89.82456140350877,
      "clarke_b": 10.175438596491228,
      "clarke_ab": 100.0,
      "day": 22,
      "days_since_retrain": 1
    },
    {
      "mae": 14.29563625321779,
      "rmse": 19.921049951309296,
      "mse": 396.84823116256007,
      "mape": 10.052393116832754,
      "correlation": 0.8985527476271421,
      "r_squared": 0.6072678882611974,
      "clarke_a": 87.5,
      "clarke_b": 11.11111111111111,
      "clarke_ab": 98.61111111111111,
      "day": 23,
      "days_since_retrain": 2
    },
    {
      "mae": 23.24380941767927,
      "rmse": 30.106132105953293,
      "mse": 906.3791903811116,
      "mape": 16.308922290233934,
      "correlation": 0.8896171849661125,
      "r_squared": 0.32539386942017146,
      "clarke_a": 68.8715953307393,