{
  "lstm": {
    "588": {
      "patient_id": "588",
      "strategy": "periodic",
      "retraining_interval_days": 7,
      "summary": {
        "mae_mean": 29.832881988866127,
        "mae_std": 8.551061679389916,
        "rmse_mean": 36.65015725755021,
        "rmse_std": 10.895996308405437,
        "clarke_ab_mean": 97.2143937490665,
        "clarke_ab_std": 2.8958992065660176,
        "total_days_evaluated": 39,
        "total_retrains": 5
      },
      "sawtooth_pattern": {
        "0": {
          "mae_mean": 31.984116445325697,
          "mae_std": 13.696075502875004,
          "rmse_mean": 42.11811195065358,
          "rmse_std": 20.20315311640118,
          "n_samples": 6
        },
        "1": {
          "mae_mean": 29.955587194970747,
          "mae_std": 5.9697358488367716,
          "rmse_mean": 36.83349391788005,
          "rmse_std": 6.469274621410665,
          "n_samples": 6
        },
        "2": {
          "mae_mean": 28.264903814297934,
          "mae_std": 6.2221186240645086,
          "rmse_mean": 34.48417199949294,
          "rmse_std": 5.978545145038292,
          "n_samples": 6
        },
        "3": {
          "mae_mean": 28.592970917848575,
          "mae_std": 3.810637763410499,
          "rmse_mean": 34.65161313700595,
          "rmse_std": 4.135070507729925,
          "n_samples": 6
        },
        "4": {
          "mae_mean": 29.03548549596959,
          "mae_std": 6.420165803822519,
          "rmse_mean": 35.41262684396216,
          "rmse_std": 6.365066920730396,
          "n_samples": 5
        },
        "5": {
          "mae_mean": 32.88488575519168,
          "mae_std": 7.5682881928125925,
          "rmse_mean": 38.93932288936787,
          "rmse_std": 9.378009459986343,
          "n_samples": 5
        },
        "6": {
          "mae_mean": 28.219014215062977,
          "mae_std": 10.824729135109532,
          "rmse_mean": 33.81440766952267,
          "rmse_std": 11.532073723561455,
          "n_samples": 5
        }
      },
      "daily_metrics": [
        {
          "mae": 60.16112942148042,
          "rmse": 85.04241778978529,
          "mse": 7232.212823532391,
          "mape": 35.04157607147124,
          "correlation": 0.8244701959323231,
          "r_squared": -16.04698868976637,
          "clarke_a": 43.05555555555556,
          "clarke_b": 53.125,
          "clarke_ab": 96.18055555555556,
          "day": 7,
          "days_since_retrain": 0
        },
        {
          "mae": 31.72146004238754,
          "rmse": 40.145866923725464,
          "mse": 1611.690631057474,
          "mape": 19.194151700546655,
          "correlation": 0.7467366685730645,
          "r_squared": -9.330959566384449,
          "clarke_a": 67.36111111111111,
          "clarke_b": 22.22222222222222,
          "clarke_ab": 89.58333333333334,
          "day": 8,
          "days_since_retrain": 1
        },
        {
          "mae": 25.103373132831766,
          "rmse": 29.499646119485767,
          "mse": 870.2291211748917,
          "mape": 16.247921921774065,
          "correlation": 0.829949913605297,
          "r_squared": -8.654041255834596,
          "clarke_a": 61.458333333333336,
          "clarke_b": 38.54166666666667,
          "clarke_ab": 100.0,
          "day": 9,
          "days_since_retrain": 2
        },
        {
          "mae": 29.842574976523938,
          "rmse": 37.052569387817414,
          "mse": 1372.892898239024,
          "mape": 19.2414755617338,
          "correlation": 0.7053159525516624,
          "r_squared": -3.1556094758035895,
          "clarke_a": 58.333333333333336,
          "clarke_b": 36.11111111111111,
          "clarke_ab": 94.44444444444444,
          "day": 10,
          "days_since_retrain": 3
        },
        {
          "mae": 27.776222837322614,
          "rmse": 39.66150212422102,
          "mse": 1573.0347507495885,
          "mape": 17.45661491934074,
          "correlation": 0.8229606230514368,
          "r_squared": -13.653781120992418,
          "clarke_a": 69.77611940298507,
          "clarke_b": 23.134328358208954,
          "clarke_ab": 92.91044776119404,
          "day": 11,
          "days_since_retrain": 4
        },
        {
          "mae": 37.24755570280724,
          "rmse": 42.33952360300086,
          "mse": 1792.635258929067,
          "mape": 23.70934209529069,
          "correlation": 0.916513908030827,
          "r_squared": -11.034498171636121,
          "clarke_a": 47.76119402985074,
          "clarke_b": 45.8955223880597,
          "clarke_ab": 93.65671641791045,
          "day": 12,
          "days_since_retrain": 5
        },
        {
          "mae": 21.358271618452257,
          "rmse": 26.81091716109095,
          "mse": 718.8252790188811,
          "mape": 14.212186287871113,
          "correlation": 0.7313182517812763,
          "r_squared": -7.844663027875365,
          "clarke_a": 73.61111111111111,
          "clarke_b": 26.38888888888889,
          "clarke_ab": 100.0,
          "day": 13,
          "days_since_retrain": 6
        },
        {
          "mae": 22.49279016838072,
          "rmse": 26.068499750792526,
          "mse": 679.5666792570701,
          "mape": 13.352906198448004,
          "correlation": 0.6662281015899802,
          "r_squared": -4.244725064249716,
          "clarke_a": 65.97222222222221,
          "clarke_b": 32.98611111111111,
          "clarke_ab": 98.95833333333331,
          "day": 14,
          "days_since_retrain": 0
        },
        {
          "mae": 24.50451777753117,
          "rmse": 28.65399017252169,
          "mse": 821.0511528069696,
          "mape": 15.031264602099675,
          "correlation": 0.818896842658585,
          "r_squared": -3.0873414542869044,
          "clarke_a": 62.15277777777778,
          "clarke_b": 37.15277777777778,
          "clarke_ab": 99.30555555555556,
          "day": 15,
          "days_since_retrain": 1
        },
        {
          "mae": 26.05092562824491,
          "rmse": 33.137705551683155,
          "mse": 1098.1075292300527,
          "mape": 16.58740037608016,
          "correlation": 0.7127873695047026,
          "r_squared": -1.3418004075363026,
          "clarke_a": 58.68055555555556,
          "clarke_b": 39.93055555555556,
          "clarke_ab": 98.61111111111111,
          "day": 16,
          "days_since_retrain": 2
        },
        {
          "mae": 33.097389200847815,
          "rmse": 38.8460405106397,
          "mse": 1509.014863354261,
          "mape": 20.80777530848693,
          "correlation": 0.6558486711385867,
          "r_squared": -3.242910273850624,
          "clarke_a": 50.0,
          "clarke_b": 46.52777777777778,
          "clarke_ab": 96.52777777777777,
          "day": 17,
          "days_since_retrain": 3
        },
        {
          "mae": 26.871264769306485,
          "rmse": 31.104712421487413,
          "mse": 967.5031348234334,
          "mape": 15.347087853892075,
          "correlation": 0.780919273247699,
          "r_squared": -3.4186029851794437,
          "clarke_a": 60.747663551401864,
          "clarke_b": 35.981308411214954,
          "clarke_ab": 96.72897196261681,
          "day": 18,
          "days_since_retrain": 4
        },
        {
          "mae": 28.67490597002276,
          "rmse": 34.82645346236441,
          "mse": 1212.8818607662342,
          "mape": 15.558207496811328,
          "correlation": 0.7699484951012192,
          "r_squared": -1.2063721748065288,
          "clarke_a": 74.65277777777779,
          "clarke_b": 19.791666666666664,
          "clarke_ab": 94.44444444444446,
          "day": 19,
          "days_since_retrain": 5
        },
        {
          "mae": 24.714549157341594,
          "rmse": 28.934756419161147,
          "mse": 837.2201290361871,
          "mape": 14.782245574503461,
          "correlation": 0.7318595314280248,
          "r_squared": -2.829127890428882,
          "clarke_a": 60.763888888888886,
          "clarke_b": 38.88888888888889,