{
  "patient_id": "575",
  "strategy": "periodic",
  "retraining_interval_days": 7,
  "summary": {
    "mae_mean": 33.954777238832534,
    "mae_std": 12.245124961765988,
    "rmse_mean": 41.71288790097853,
    "rmse_std": 15.043047853566383,
    "clarke_ab_mean": 96.59801641933414,
    "clarke_ab_std": 4.849173857730381,
    "total_days_evaluated": 39,
    "total_retrains": 5
  },
  "sawtooth_pattern": {
    "0": {
      "mae_mean": 38.268498124357315,
      "mae_std": 7.046331860690567,
      "rmse_mean": 47.2019312904058,
      "rmse_std": 10.79500537213437,
      "n_samples": 6
    },
    "1": {
      "mae_mean": 32.146871077201205,
      "mae_std": 4.31494388925225,
      "rmse_mean": 38.39064534101551,
      "rmse_std": 3.4315967415255755,
      "n_samples": 6
    },
    "2": {
      "mae_mean": 32.35845719244153,
      "mae_std": 7.330360018602192,
      "rmse_mean": 38.22294499266678,
      "rmse_std": 8.758174610274152,
      "n_samples": 6
    },
    "3": {
      "mae_mean": 46.243920359566566,
      "mae_std": 20.065145491611766,
      "rmse_mean": 57.20872847078485,
      "rmse_std": 23.548218979360946,
      "n_samples": 6
    },
    "4": {
      "mae_mean": 35.46555385328031,
      "mae_std": 6.771122905459923,
      "rmse_mean": 42.79400347102824,
      "rmse_std": 8.486600706650767,
      "n_samples": 5
    },
    "5": {
      "mae_mean": 23.741936923190742,
      "mae_std": 9.501922357127137,
      "rmse_mean": 31.36801102104177,
      "rmse_std": 14.199972284751093,
      "n_samples": 5
    },
    "6": {
      "mae_mean": 26.81847558214279,
      "mae_std": 5.986314417700602,
      "rmse_mean": 33.96941102171496,
      "rmse_std": 7.7252467559771,
      "n_samples": 5
    }
  },
  "daily_metrics": [
    {
      "mae": 41.97259860027934,
      "rmse": 55.61573500778215,
      "mse": 3093.109980455845,
      "mape": 28.32745197953849,
      "correlation": 0.9153395066622265,
      "r_squared": -9.90182322095049,
      "clarke_a": 40.213523131672595,
      "clarke_b": 55.51601423487544,
      "clarke_ab": 95.72953736654804,
      "day": 7,
      "days_since_retrain": 0
    },
    {
      "mae": 26.08154325122409,
      "rmse": 35.08017935902348,
      "mse": 1230.6189838612572,
      "mape": 19.06393411502847,
      "correlation": 0.8257356030565705,
      "r_squared": -16.376826319923122,
      "clarke_a": 60.633484162895925,
      "clarke_b": 39.366515837104075,
      "clarke_ab": 100.0,
      "day": 8,
      "days_since_retrain": 1
    },
    {
      "mae": 27.961378534251654,
      "rmse": 32.89708251085211,
      "mse": 1082.2180377258119,
      "mape": 19.58113177246098,
      "correlation": 0.8884994611212846,
      "r_squared": -9.932420201995738,
      "clarke_a": 63.11787072243346,
      "clarke_b": 36.88212927756654,
      "clarke_ab": 100.0,
      "day": 9,
      "days_since_retrain": 2
    },
    {
      "mae": 55.68299177584269,
      "rmse": 62.002117067448836,
      "mse": 3844.2625208456307,
      "mape": 36.75974233050026,
      "correlation": 0.929832752320523,
      "r_squared": -14.472154020410674,
      "clarke_a": 21.561338289962826,
      "clarke_b": 57.62081784386617,
      "clarke_ab": 79.182156133829,
      "day": 10,
      "days_since_retrain": 3
    },
    {
      "mae": 38.42526402825709,
      "rmse": 43.89784282292026,
      "mse": 1927.0206045058121,
      "mape": 28.247936778711935,
      "correlation": 0.9431280929800239,
      "r_squared": -16.28360385894951,
      "clarke_a": 35.76923076923077,
      "clarke_b": 64.23076923076924,
      "clarke_ab": 100.0,
      "day": 11,
      "days_since_retrain": 4
    },
    {
      "mae": 17.039801746562404,
      "rmse": 21.770767536098553,
      "mse": 473.96631911084273,
      "mape": 12.108841511759936,
      "correlation": 0.8471016927661669,
      "r_squared": -10.707581625719634,
      "clarke_a": 69.82456140350877,
      "clarke_b": 30.175438596491226,
      "clarke_ab": 100.0,
      "day": 12,
      "days_since_retrain": 5
    },
    {
      "mae": 32.96801298271392,
      "rmse": 41.124520720715346,
      "mse": 1691.2262045085456,
      "mape": 23.52677864983704,
      "correlation": 0.9225866953289534,
      "r_squared": -11.112641596320994,
      "clarke_a": 46.808510638297875,
      "clarke_b": 48.93617021276596,
      "clarke_ab": 95.74468085106383,
      "day": 13,
      "days_since_retrain": 6
    },
    {
      "mae": 33.503510467682204,
      "rmse": 42.01780746360678,
      "mse": 1765.4961440487298,
      "mape": 22.837046751181603,
      "correlation": 0.923008228297739,
      "r_squared": -1.8799491607414827,
      "clarke_a": 47.52851711026616,
      "clarke_b": 50.57034220532319,
      "clarke_ab": 98.09885931558935,
      "day": 14,
      "days_since_retrain": 0
    },
    {
      "mae": 33.93648517504599,
      "rmse": 39.92293028590851,
      "mse": 1593.840362613511,
      "mape": 26.571306673380786,
      "correlation": 0.8116917681700705,
      "r_squared": -3.860400176061618,
      "clarke_a": 39.247311827956985,
      "clarke_b": 59.67741935483871,
      "clarke_ab": 98.9247311827957,
      "day": 15,
      "days_since_retrain": 1
    },
    {
      "mae": 22.65714345536247,
      "rmse": 28.43465931854907,
      "mse": 808.5298505619495,
      "mape": 17.151470549762166,
      "correlation": 0.8373161194742056,
      "r_squared": -3.600772047597581,
      "clarke_a": 61.648745519713266,
      "clarke_b": 38.35125448028674,
      "clarke_ab": 100.0,
      "day": 16,
      "days_since_retrain": 2
    },
    {
      "mae": 28.498691378000167,
      "rmse": 34.21113541088881,
      "mse": 1170.4017861021703,
      "mape": 18.600482505277345,
      "correlation": 0.8892966546980865,
      "r_squared": -1.557245241860096,
      "clarke_a": 57.299270072992705,
      "clarke_b": 42.700729927007295,
      "clarke_ab": 100.0,
      "day": 17,
      "days_since_retrain": 3
    },
    {
      "mae": 28.942371214442915,
      "rmse": 33.638000030515535,
      "mse": 1131.515046052963,
      "mape": 22.673295541275543,
      "correlation": 0.7115299548196207,
      "r_squared": -1.8952469631079283,
      "clarke_a": 38.88888888888889,
      "clarke_b": 60.416666666666664,
      "clarke_ab": 99.30555555555556,
      "day": 18,
      "days_since_retrain": 4
    },
    {
      "mae": 23.19675102587601,
      "rmse": 31.154219312794645,
      "mse": 970.5853809897069,
      "mape": 15.845919385164335,
      "correlation": 0.8773072987780053,
      "r_squared": -2.5387232005738425,
      "clarke_a": 63.1768953068592,
      "clarke_b": 34.29602888086642,
      "clarke_ab": 97.47292418772562,
      "day": 19,
      "days_since_retrain": 5
    },
    {
      "mae": 26.208518722130204,
      "rmse": 32.69074506940154,
      "mse": 1068.684813192601,
      "mape": 18.146831664182677,
      "correlation": 0.8725451850363379,
      "r_squared": -0.30485870332365983,
      "clarke_a": 64.23611111111111,
      "clarke_b": 33.33333333333333,
      "clarke_ab": 97.56944444444444,
      "day": 20,
      "days_since_retrain": 6
    },
    {
      "mae": 29.705127937473492,
      "rmse": 33.66913429225635,
      "mse": 1133.6106039899928,
      "mape": 22.303834330668856,
      "correlation": 0.8765637498353422,
      "r_squared": -6.4623152078796755,
      "clarke_a": 47.23618090452261,
      "clarke_b": 52.76381909547738,
      "clarke_ab": 100.0,
      "day": 21,
      "days_since_retrain": 0
    },
    {
      "mae": 38.52023033340887,
      "rmse": 42.856042495507026,
      "mse": 1836.6403783767041,
      "mape": 29.336435484396844,
      "correlation": 0.9448172967180644,
      "r_squared": -7.9531358007476705,
      "clarke_a": 25.27075812274368,
      "clarke_b": 74.72924187725631,
      "clarke_ab": 100.0,
      "day": 22,
      "days_since_retrain": 1
    },
    {
      "mae": 31.27950045642335,
      "rmse": 35.56334944896778,
      "mse": 1264.7518240293969,
      "mape": 24.61921894915372,
      "correlation": 0.7994272494670375,