{
  "transformer": {
    "591": {
      "patient_id": "591",
      "strategy": "periodic",
      "retraining_interval_days": 7,
      "summary": {
        "mae_mean": 21.38529131859044,
        "mae_std": 8.781648296855238,
        "rmse_mean": 28.816964947048827,
        "rmse_std": 12.09717547208942,
        "clarke_ab_mean": 96.27564113580678,
        "clarke_ab_std": 4.19891138167333,
        "total_days_evaluated": 36,
        "total_retrains": 5
      },
      "sawtooth_pattern": {
        "0": {
          "mae_mean": 19.17472640032837,
          "mae_std": 4.382283673593473,
          "rmse_mean": 24.345153723312574,
          "rmse_std": 4.805745678422131,
          "n_samples": 6
        },
        "1": {
          "mae_mean": 17.527404265242847,
          "mae_std": 3.5151666425139494,
          "rmse_mean": 22.381079907889454,
          "rmse_std": 4.21998725317213,
          "n_samples": 6
        },
        "2": {
          "mae_mean": 23.646054254081378,
          "mae_std": 4.61039790185777,
          "rmse_mean": 34.326245504275185,
          "rmse_std": 8.958940372856494,
          "n_samples": 6
        },
        "3": {
          "mae_mean": 21.881520750672497,
          "mae_std": 9.85339169806623,
          "rmse_mean": 28.63987716520852,
          "rmse_std": 11.819333142870187,
          "n_samples": 5
        },
        "4": {
          "mae_mean": 27.726350448783258,
          "mae_std": 13.512616595264316,
          "rmse_mean": 37.41189286222961,
          "rmse_std": 15.869822592231284,
          "n_samples": 5
        },
        "5": {
          "mae_mean": 24.574881673965166,
          "mae_std": 11.371803732803736,
          "rmse_mean": 35.93145919045503,
          "rmse_std": 16.533785672109456,
          "n_samples": 4
        },
        "6": {
          "mae_mean": 15.360623814550246,
          "mae_std": 1.2460185621393063,
          "rmse_mean": 19.27779409547093,
          "rmse_std": 0.937004456060265,
          "n_samples": 4
        }
      },
      "daily_metrics": [
        {
          "mae": 19.843277439219303,
          "rmse": 25.008231660258918,
          "mse": 625.4116507731766,
          "mape": 12.196027502570587,
          "correlation": 0.856313986776881,
          "r_squared": 0.5570771210465222,
          "clarke_a": 85.51401869158879,
          "clarke_b": 11.682242990654206,
          "clarke_ab": 97.19626168224299,
          "day": 7,
          "days_since_retrain": 0
        },
        {
          "mae": 23.20134283991342,
          "rmse": 29.75145912234712,
          "mse": 885.1493199086917,
          "mape": 13.032759406437888,
          "correlation": 0.9461548899974727,
          "r_squared": 0.8188118051794939,
          "clarke_a": 80.86642599277978,
          "clarke_b": 16.967509025270758,
          "clarke_ab": 97.83393501805054,
          "day": 8,
          "days_since_retrain": 1
        },
        {
          "mae": 21.052015432231617,
          "rmse": 28.173878093110027,
          "mse": 793.7674068054251,
          "mape": 14.114314087893105,
          "correlation": 0.9010958871897593,
          "r_squared": 0.687979428417886,
          "clarke_a": 74.3859649122807,
          "clarke_b": 23.859649122807017,
          "clarke_ab": 98.24561403508771,
          "day": 9,
          "days_since_retrain": 2
        },
        {
          "mae": 14.94197747599935,
          "rmse": 18.623075656643845,
          "mse": 346.8189469130806,
          "mape": 12.02477272575129,
          "correlation": 0.7217591390141214,
          "r_squared": 0.31778290287607747,
          "clarke_a": 75.98566308243727,
          "clarke_b": 22.939068100358423,
          "clarke_ab": 98.9247311827957,
          "day": 10,
          "days_since_retrain": 3
        },
        {
          "mae": 13.730087774929697,
          "rmse": 24.082399459633322,
          "mse": 579.9619637333474,
          "mape": 9.824171631705644,
          "correlation": 0.9288340783614188,
          "r_squared": 0.833584146933072,
          "clarke_a": 89.28571428571429,
          "clarke_b": 8.571428571428571,
          "clarke_ab": 97.85714285714286,
          "day": 11,
          "days_since_retrain": 4
        },
        {
          "mae": 13.69008677598747,
          "rmse": 18.764371679166164,
          "mse": 352.10164451389323,
          "mape": 10.120300474147195,
          "correlation": 0.908943965591291,
          "r_squared": 0.7994930945311838,
          "clarke_a": 84.47653429602889,
          "clarke_b": 15.162454873646208,
          "clarke_ab": 99.6389891696751,
          "day": 12,
          "days_since_retrain": 5
        },
        {
          "mae": 14.451729326861281,
          "rmse": 18.42588728115957,
          "mse": 339.513322097998,
          "mape": 12.47869432271576,
          "correlation": 0.7482919885594607,
          "r_squared": 0.40338988107888674,
          "clarke_a": 76.4,
          "clarke_b": 23.200000000000003,
          "clarke_ab": 99.60000000000001,
          "day": 13,
          "days_since_retrain": 6
        },
        {
          "mae": 16.18398161538945,
          "rmse": 21.603065843292875,
          "mse": 466.6924538296472,
          "mape": 13.390064205163693,
          "correlation": 0.7586660614419194,
          "r_squared": 0.48439749209673144,
          "clarke_a": 74.65277777777779,
          "clarke_b": 22.916666666666664,
          "clarke_ab": 97.56944444444446,
          "day": 14,
          "days_since_retrain": 0
        },
        {
          "mae": 15.992154980584441,
          "rmse": 20.42917351339382,
          "mse": 417.35113044035165,
          "mape": 12.233092038057672,
          "correlation": 0.9454938191371081,
          "r_squared": 0.8708234722961765,
          "clarke_a": 77.77777777777779,
          "clarke_b": 20.833333333333336,
          "clarke_ab": 98.61111111111111,
          "day": 15,
          "days_since_retrain": 1
        },
        {
          "mae": 18.712331154595326,
          "rmse": 25.75962090403953,
          "mse": 663.5580691198303,
          "mape": 12.199969815921666,
          "correlation": 0.8740140687672187,
          "r_squared": 0.7214264324812518,
          "clarke_a": 78.81944444444444,
          "clarke_b": 17.36111111111111,
          "clarke_ab": 96.18055555555556,
          "day": 16,
          "days_since_retrain": 2
        },
        {
          "mae": 19.984730892926336,
          "rmse": 24.970197237926836,
          "mse": 623.5107501009691,
          "mape": 12.169488814416754,
          "correlation": 0.8829139637930249,
          "r_squared": 0.7671457409402266,
          "clarke_a": 82.45614035087719,
          "clarke_b": 14.385964912280702,
          "clarke_ab": 96.84210526315789,
          "day": 17,
          "days_since_retrain": 3
        },
        {
          "mae": 10.824527006572083,
          "rmse": 14.995994200594373,
          "mse": 224.87984206426006,
          "mape": 5.741410939313099,
          "correlation": 0.8891464158910498,
          "r_squared": 0.77775952051628,
          "clarke_a": 94.44444444444444,
          "clarke_b": 3.8194444444444446,
          "clarke_ab": 98.26388888888889,
          "day": 18,
          "days_since_retrain": 4
        },
        {
          "mae": 17.189791077581273,
          "rmse": 27.537337682185555,
          "mse": 758.3049666227165,
          "mape": 13.181512143913762,
          "correlation": 0.7995363031425774,
          "r_squared": 0.549399336125423,
          "clarke_a": 82.35294117647058,
          "clarke_b": 14.901960784313726,
          "clarke_ab": 97.25490196078431,
          "day": 19,
          "days_since_retrain": 5
        },
        {
          "mae": 16.700658105263326,
          "rmse": 20.836850981606545,
          "mse": 434.1743588296776,
          "mape": 11.615939138314353,
          "correlation": 0.890286746693886,
          "r_squared": 0.7780942725208977,
          "clarke_a": 80.35714285714286,