{
  "transformer": {
    "559": {
      "patient_id": "559",
      "strategy": "periodic",
      "retraining_interval_days": 7,
      "summary": {
        "mae_mean": 20.809012622176045,
        "mae_std": 5.659799095567222,
        "rmse_mean": 29.01421696257848,
        "rmse_std": 8.68884462628068,
        "clarke_ab_mean": 96.26046808485134,
        "clarke_ab_std": 2.5086223604474145,
        "total_days_evaluated": 35,
        "total_retrains": 4
      },
      "sawtooth_pattern": {
        "0": {
          "mae_mean": 22.18581738702759,
          "mae_std": 5.7921307934554305,
          "rmse_mean": 31.2286153114813,
          "rmse_std": 9.567993765953117,
          "n_samples": 5
        },
        "1": {
          "mae_mean": 19.82758745276959,
          "mae_std": 2.380945723842401,
          "rmse_mean": 26.051248853187758,
          "rmse_std": 2.60137047751402,
          "n_samples": 5
        },
        "2": {
          "mae_mean": 18.934200305078207,
          "mae_std": 3.4661634887876684,
          "rmse_mean": 25.179703298717374,
          "rmse_std": 4.366447577272066,
          "n_samples": 5
        },
        "3": {
          "mae_mean": 25.81966892018064,
          "mae_std": 8.774107558315846,
          "rmse_mean": 34.97784243569331,
          "rmse_std": 12.881364839779673,
          "n_samples": 5
        },
        "4": {
          "mae_mean": 18.991211786349055,
          "mae_std": 1.9828404011604954,
          "rmse_mean": 27.645525451528943,
          "rmse_std": 4.643425134805123,
          "n_samples": 5
        },
        "5": {
          "mae_mean": 18.052432773173038,
          "mae_std": 3.9079389616047124,
          "rmse_mean": 24.44324409854277,
          "rmse_std": 5.790972494994365,
          "n_samples": 5
        },
        "6": {
          "mae_mean": 21.852169730654204,
          "mae_std": 5.774167438387618,
          "rmse_mean": 33.5733392888979,
          "rmse_std": 9.086394216668307,
          "n_samples": 5
        }
      },
      "daily_metrics": [
        {
          "mae": 25.62775397251652,
          "rmse": 42.15319896462092,
          "mse": 1776.8921829509181,
          "mape": 16.367312414838434,
          "correlation": 0.8021815403084398,
          "r_squared": 0.5812671052356764,
          "clarke_a": 72.84768211920529,
          "clarke_b": 20.52980132450331,
          "clarke_ab": 93.3774834437086,
          "day": 7,
          "days_since_retrain": 0
        },
        {
          "mae": 22.436534392304836,
          "rmse": 28.375482343106118,
          "mse": 805.1679982039271,
          "mape": 14.23183672720612,
          "correlation": 0.8760554604612039,
          "r_squared": 0.7222051474082085,
          "clarke_a": 67.36111111111111,
          "clarke_b": 27.083333333333332,
          "clarke_ab": 94.44444444444444,
          "day": 8,
          "days_since_retrain": 1
        },
        {
          "mae": 24.772742407957942,
          "rmse": 31.631363614250322,
          "mse": 1000.5431640969191,
          "mape": 15.92947135582514,
          "correlation": 0.8590531267027411,
          "r_squared": 0.6931315985421227,
          "clarke_a": 66.7910447761194,
          "clarke_b": 30.223880597014922,
          "clarke_ab": 97.01492537313433,
          "day": 9,
          "days_since_retrain": 2
        },
        {
          "mae": 25.520295886527684,
          "rmse": 31.725133427097173,
          "mse": 1006.4840909671184,
          "mape": 15.462846533084452,
          "correlation": 0.923373208969177,
          "r_squared": 0.7995671728117151,
          "clarke_a": 65.63706563706563,
          "clarke_b": 26.254826254826252,
          "clarke_ab": 91.89189189189189,
          "day": 10,
          "days_since_retrain": 3
        },
        {
          "mae": 19.19132311603106,
          "rmse": 25.250156658351955,
          "mse": 637.5704112713156,
          "mape": 13.374668883866331,
          "correlation": 0.9305342305389482,
          "r_squared": 0.820933040457609,
          "clarke_a": 71.0801393728223,
          "clarke_b": 28.57142857142857,
          "clarke_ab": 99.65156794425087,
          "day": 11,
          "days_since_retrain": 4
        },
        {
          "mae": 21.088720072173217,
          "rmse": 30.06205539024048,
          "mse": 903.7271742858868,
          "mape": 13.113633818759215,
          "correlation": 0.8925054437912728,
          "r_squared": 0.7396605701144862,
          "clarke_a": 73.80952380952381,
          "clarke_b": 20.476190476190474,
          "clarke_ab": 94.28571428571428,
          "day": 12,
          "days_since_retrain": 5
        },
        {
          "mae": 21.704250642449193,
          "rmse": 35.41138473715543,
          "mse": 1253.9661690028445,
          "mape": 10.297863485601988,
          "correlation": 0.8368863886031875,
          "r_squared": 0.6057944576175771,
          "clarke_a": 88.42105263157895,
          "clarke_b": 5.7894736842105265,
          "clarke_ab": 94.21052631578947,
          "day": 13,
          "days_since_retrain": 6
        },
        {
          "mae": 26.53339518314955,
          "rmse": 36.39749969375055,
          "mse": 1324.7779839565712,
          "mape": 18.053956137546216,
          "correlation": 0.9098511964343124,
          "r_squared": 0.7990783195034594,
          "clarke_a": 78.30188679245283,
          "clarke_b": 18.867924528301888,
          "clarke_ab": 97.16981132075472,
          "day": 14,
          "days_since_retrain": 0
        },
        {
          "mae": 15.485671268938873,
          "rmse": 21.157792881067806,
          "mse": 447.65219959816346,
          "mape": 10.293743816415082,
          "correlation": 0.9487226638061288,
          "r_squared": 0.8855970319321425,
          "clarke_a": 87.84313725490196,
          "clarke_b": 10.196078431372548,
          "clarke_ab": 98.0392156862745,
          "day": 15,
          "days_since_retrain": 1
        },
        {
          "mae": 14.69176264589286,
          "rmse": 20.219494506362267,
          "mse": 408.8279580928139,
          "mape": 9.718145919256784,
          "correlation": 0.9431664946863066,
          "r_squared": 0.8831715153335707,
          "clarke_a": 87.5,
          "clarke_b": 11.458333333333332,
          "clarke_ab": 98.95833333333333,
          "day": 16,
          "days_since_retrain": 2
        },
        {
          "mae": 21.794769591392082,
          "rmse": 28.9644529878615,
          "mse": 838.9395368860388,
          "mape": 15.70042645717411,
          "correlation": 0.9553785673207937,
          "r_squared": 0.8707521425317516,
          "clarke_a": 73.66548042704626,
          "clarke_b": 24.555160142348754,
          "clarke_ab": 98.22064056939502,
          "day": 17,
          "days_since_retrain": 3
        },
        {
          "mae": 20.123304152429572,
          "rmse": 31.174449366052635,
          "mse": 971.8462932765794,
          "mape": 11.322427190250234,
          "correlation": 0.9176012866382235,
          "r_squared": 0.799256984958959,
          "clarke_a": 81.25,
          "clarke_b": 14.930555555555555,
          "clarke_ab": 96.18055555555556,
          "day": 18,
          "days_since_retrain": 4
        },
        {
          "mae": 17.114355530324413,
          "rmse": 22.41679447815312,
          "mse": 502.51267467575616,
          "mape": 10.233092156347638,
          "correlation": 0.9058196856066811,
          "r_squared": 0.7999221797567018,
          "clarke_a": 86.0082304526749,
          "clarke_b": 10.2880658436214,
          "clarke_ab": 96.29629629629629,
          "day": 19,
          "days_since_retrain": 5
        },
        {
          "mae": 30.91171234782836,
          "rmse": 45.97369169827647,
          "mse": 2113.5803283681744,
          "mape": 17.877347202717562,
          "correlation": 0.8245407532516464,
          "r_squared": 0.5594337488569809,
          "clarke_a": 65.0,