{
  "patient_id": "575",
  "strategy": "periodic",
  "retraining_interval_days": 7,
  "summary": {
    "mae_mean": 19.734153811832346,
    "mae_std": 6.2048547627806485,
    "rmse_mean": 27.09626040633713,
    "rmse_std": 8.803049580359518,
    "clarke_ab_mean": 96.06578823595896,
    "clarke_ab_std": 3.487977588004802,
    "total_days_evaluated": 39,
    "total_retrains": 5
  },
  "sawtooth_pattern": {
    "0": {
      "mae_mean": 19.81313079923127,
      "mae_std": 4.375474181828238,
      "rmse_mean": 28.517587513089712,
      "rmse_std": 6.08570507682583,
      "n_samples": 6
    },
    "1": {
      "mae_mean": 20.015968022917374,
      "mae_std": 3.046748427047028,
      "rmse_mean": 25.867935421797032,
      "rmse_std": 4.088359652143349,
      "n_samples": 6
    },
    "2": {
      "mae_mean": 17.609410482899076,
      "mae_std": 2.0731319285534764,
      "rmse_mean": 23.701713548834547,
      "rmse_std": 3.056073531708982,
      "n_samples": 6
    },
    "3": {
      "mae_mean": 26.793853780294047,
      "mae_std": 8.308668231314776,
      "rmse_mean": 37.10645572051214,
      "rmse_std": 11.799110446036314,
      "n_samples": 6
    },
    "4": {
      "mae_mean": 19.96899426606753,
      "mae_std": 7.550881739023357,
      "rmse_mean": 26.607162493015313,
      "rmse_std": 10.154075540551064,
      "n_samples": 5
    },
    "5": {
      "mae_mean": 16.092607050707663,
      "mae_std": 4.716905097228309,
      "rmse_mean": 23.49262556386295,
      "rmse_std": 8.335868217334994,
      "n_samples": 5
    },
    "6": {
      "mae_mean": 16.785962713106954,
      "mae_std": 3.404447959249914,
      "rmse_mean": 23.018612467471247,
      "rmse_std": 4.574730812881769,
      "n_samples": 5
    }
  },
  "daily_metrics": [
    {
      "mae": 19.497166710212525,
      "rmse": 32.91319616206225,
      "mse": 1083.2784816023893,
      "mape": 13.21392797630477,
      "correlation": 0.9124803495338016,
      "r_squared": 0.547308512070231,
      "clarke_a": 78.29181494661923,
      "clarke_b": 18.505338078291814,
      "clarke_ab": 96.79715302491104,
      "day": 7,
      "days_since_retrain": 0
    },
    {
      "mae": 19.08089395473891,
      "rmse": 26.0612869692924,
      "mse": 679.1906784958098,
      "mape": 15.51142883158809,
      "correlation": 0.7566781145430611,
      "r_squared": 0.27626458069606386,
      "clarke_a": 76.01809954751131,
      "clarke_b": 21.266968325791854,
      "clarke_ab": 97.28506787330316,
      "day": 8,
      "days_since_retrain": 1
    },
    {
      "mae": 19.572444512814265,
      "rmse": 25.351638037302695,
      "mse": 642.7055511744129,
      "mape": 14.528701505440928,
      "correlation": 0.8124905853174538,
      "r_squared": 0.6285930243352217,
      "clarke_a": 74.52471482889734,
      "clarke_b": 17.490494296577946,
      "clarke_ab": 92.0152091254753,
      "day": 9,
      "days_since_retrain": 2
    },
    {
      "mae": 18.46561137342092,
      "rmse": 24.848691925705783,
      "mse": 617.4574904186358,
      "mape": 12.187208546272036,
      "correlation": 0.928915725215895,
      "r_squared": 0.8375373248969784,
      "clarke_a": 85.50185873605948,
      "clarke_b": 9.293680297397769,
      "clarke_ab": 94.79553903345725,
      "day": 10,
      "days_since_retrain": 3
    },
    {
      "mae": 14.820873885335661,
      "rmse": 20.739464146118937,
      "mse": 430.1253730681529,
      "mape": 13.203936526039762,
      "correlation": 0.9249174044384361,
      "r_squared": 0.833331604526097,
      "clarke_a": 75.38461538461539,
      "clarke_b": 23.076923076923077,
      "clarke_ab": 98.46153846153847,
      "day": 11,
      "days_since_retrain": 4
    },
    {
      "mae": 14.100364126321788,
      "rmse": 18.53986850230738,
      "mse": 343.7267240828494,
      "mape": 10.333644021336191,
      "correlation": 0.7917801652718477,
      "r_squared": 0.6144654494093855,
      "clarke_a": 85.96491228070175,
      "clarke_b": 13.333333333333334,
      "clarke_ab": 99.29824561403508,
      "day": 12,
      "days_since_retrain": 5
    },
    {
      "mae": 17.136596044014148,
      "rmse": 23.285368952056576,
      "mse": 542.2084072334004,
      "mape": 13.606474911471924,
      "correlation": 0.9049371066785538,
      "r_squared": 0.8148783604265386,
      "clarke_a": 79.43262411347519,
      "clarke_b": 11.702127659574469,
      "clarke_ab": 91.13475177304966,
      "day": 13,
      "days_since_retrain": 6
    },
    {
      "mae": 17.28975759556431,
      "rmse": 23.299171675465505,
      "mse": 542.8514007628141,
      "mape": 13.101535529191885,
      "correlation": 0.933462849976782,
      "r_squared": 0.8304410103880127,
      "clarke_a": 80.6083650190114,
      "clarke_b": 13.688212927756654,
      "clarke_ab": 94.29657794676805,
      "day": 14,
      "days_since_retrain": 0
    },
    {
      "mae": 23.2780823454565,
      "rmse": 29.562113318883423,
      "mse": 873.9185438785046,
      "mape": 23.967485188141556,
      "correlation": 0.8023410586141475,
      "r_squared": 0.6293890490532308,
      "clarke_a": 47.31182795698925,
      "clarke_b": 39.247311827956985,
      "clarke_ab": 86.55913978494624,
      "day": 15,
      "days_since_retrain": 1
    },
    {
      "mae": 15.643185370861431,
      "rmse": 20.232599958479387,
      "mse": 409.3581010798601,
      "mape": 12.91335063648825,
      "correlation": 0.8406255671481944,
      "r_squared": 0.6785203280291657,
      "clarke_a": 78.13620071684588,
      "clarke_b": 18.63799283154122,
      "clarke_ab": 96.7741935483871,
      "day": 16,
      "days_since_retrain": 2
    },
    {
      "mae": 19.726282862552985,
      "rmse": 24.28860840829699,
      "mse": 589.9364984115953,
      "mape": 14.551232943081253,
      "correlation": 0.8851931785314922,
      "r_squared": 0.7278866025849691,
      "clarke_a": 79.92700729927007,
      "clarke_b": 16.05839416058394,
      "clarke_ab": 95.98540145985402,
      "day": 17,
      "days_since_retrain": 3
    },
    {
      "mae": 14.818886487002613,
      "rmse": 19.053961113558156,
      "mse": 363.05343411698635,
      "mape": 14.308929364318981,
      "correlation": 0.8693191769822997,
      "r_squared": 0.7198842535153752,
      "clarke_a": 76.04166666666666,
      "clarke_b": 20.13888888888889,
      "clarke_ab": 96.18055555555554,
      "day": 18,
      "days_since_retrain": 4
    },
    {
      "mae": 12.815708988878743,
      "rmse": 21.319337288704677,
      "mse": 454.5141424295537,
      "mape": 8.719057989937852,
      "correlation": 0.8854381793825643,
      "r_squared": 0.7034822270822183,
      "clarke_a": 90.25270758122743,
      "clarke_b": 8.664259927797833,
      "clarke_ab": 98.91696750902526,
      "day": 19,
      "days_since_retrain": 5
    },
    {
      "mae": 13.804540935487925,
      "rmse": 19.16124694723391,
      "mse": 367.15338457288084,
      "mape": 10.352869436439956,
      "correlation": 0.936592984317121,
      "r_squared": 0.8547549210077646,
      "clarke_a": 90.625,
      "clarke_b": 6.944444444444445,
      "clarke_ab": 97.56944444444444,
      "day": 20,
      "days_since_retrain": 6
    },
    {
      "mae": 16.61520619027803,
      "rmse": 23.61841743829189,
      "mse": 557.8296422894105,
      "mape": 13.124830583507391,
      "correlation": 0.8616676519297652,
      "r_squared": 0.7220610838528111,
      "clarke_a": 78.89447236180904,
      "clarke_b": 15.07537688442211,
      "clarke_ab": 93.96984924623115,
      "day": 21,
      "days_since_retrain": 0
    },
    {
      "mae": 15.30135628443658,
      "rmse": 19.79096062016718,
      "mse": 391.68212226900806,
      "mape": 13.764317163729768,
      "correlation": 0.9328704212786609,
      "r_squared": 0.8301744840684304,
      "clarke_a": 78.33935018050542,
      "clarke_b": 20.216606498194945,
      "clarke_ab": 98.55595667870037,
      "day": 22,
      "days_since_retrain": 1
    },
    {
      "mae": 15.056130810911156,
      "rmse": 21.588126176550965,
      "mse": 466.047191814685,