{
  "patient_id": "591",
  "strategy": "periodic",
  "retraining_interval_days": 7,
  "summary": {
    "mae_mean": 23.964212949274735,
    "mae_std": 9.639213754229678,
    "rmse_mean": 31.649053600935012,
    "rmse_std": 12.629244736953869,
    "clarke_ab_mean": 95.85130602645692,
    "clarke_ab_std": 3.990927138492229,
    "total_days_evaluated": 36,
    "total_retrains": 5
  },
  "sawtooth_pattern": {
    "0": {
      "mae_mean": 22.15579129675386,
      "mae_std": 9.293581911747795,
      "rmse_mean": 27.587663534721965,
      "rmse_std": 9.526747350275876,
      "n_samples": 6
    },
    "1": {
      "mae_mean": 18.332670218696304,
      "mae_std": 3.329502617302611,
      "rmse_mean": 23.36142721267666,
      "rmse_std": 3.856968039233216,
      "n_samples": 6
    },
    "2": {
      "mae_mean": 25.80116050066127,
      "mae_std": 5.76126414214526,
      "rmse_mean": 36.58041614085161,
      "rmse_std": 9.902965564183841,
      "n_samples": 6
    },
    "3": {
      "mae_mean": 23.461783311083035,
      "mae_std": 8.01719514639241,
      "rmse_mean": 30.833115672901055,
      "rmse_std": 11.068244425724766,
      "n_samples": 5
    },
    "4": {
      "mae_mean": 27.825471326111938,
      "mae_std": 11.600049103059412,
      "rmse_mean": 37.12734936904148,
      "rmse_std": 12.929397062223268,
      "n_samples": 5
    },
    "5": {
      "mae_mean": 29.470960384912875,
      "mae_std": 13.753051988627933,
      "rmse_mean": 40.9430861905683,
      "rmse_std": 19.030613419139083,
      "n_samples": 4
    },
    "6": {
      "mae_mean": 22.663454837898882,
      "mae_std": 9.698362154606178,
      "rmse_mean": 27.653554583043256,
      "rmse_std": 10.036400866870691,
      "n_samples": 4
    }
  },
  "daily_metrics": [
    {
      "mae": 18.660026396500548,
      "rmse": 24.620989372504297,
      "mse": 606.1931176809696,
      "mape": 10.527998512078597,
      "correlation": 0.8668780539935894,
      "r_squared": 0.7434687336737855,
      "clarke_a": 83.64485981308411,
      "clarke_b": 11.214953271028037,
      "clarke_ab": 94.85981308411215,
      "day": 7,
      "days_since_retrain": 0
    },
    {
      "mae": 23.740218678805768,
      "rmse": 30.155499449935462,
      "mse": 909.3541470750579,
      "mape": 13.575833080014412,
      "correlation": 0.9385702365827348,
      "r_squared": 0.8280929050351842,
      "clarke_a": 73.28519855595668,
      "clarke_b": 24.548736462093864,
      "clarke_ab": 97.83393501805054,
      "day": 8,
      "days_since_retrain": 1
    },
    {
      "mae": 21.818326057069893,
      "rmse": 27.728305762102185,
      "mse": 768.8589404366292,
      "mape": 14.516778906980802,
      "correlation": 0.9077951456603278,
      "r_squared": 0.7038108289823559,
      "clarke_a": 69.47368421052632,
      "clarke_b": 27.368421052631582,
      "clarke_ab": 96.84210526315789,
      "day": 9,
      "days_since_retrain": 2
    },
    {
      "mae": 17.285176209440667,
      "rmse": 21.091884085849518,
      "mse": 444.8675742909121,
      "mape": 13.604262821331448,
      "correlation": 0.6820663619522076,
      "r_squared": 0.3707454038258523,
      "clarke_a": 72.40143369175627,
      "clarke_b": 25.806451612903224,
      "clarke_ab": 98.2078853046595,
      "day": 10,
      "days_since_retrain": 3
    },
    {
      "mae": 15.41623116561995,
      "rmse": 25.517602875763654,
      "mse": 651.1480565251816,
      "mape": 11.134790957691296,
      "correlation": 0.920020182929174,
      "r_squared": 0.8211997268875515,
      "clarke_a": 86.07142857142858,
      "clarke_b": 11.785714285714285,
      "clarke_ab": 97.85714285714286,
      "day": 11,
      "days_since_retrain": 4
    },
    {
      "mae": 17.657208223684748,
      "rmse": 23.04002889424393,
      "mse": 530.8429314475952,
      "mape": 12.722882292761946,
      "correlation": 0.8749513230628052,
      "r_squared": 0.7574991875731844,
      "clarke_a": 79.78339350180505,
      "clarke_b": 18.050541516245488,
      "clarke_ab": 97.83393501805054,
      "day": 12,
      "days_since_retrain": 5
    },
    {
      "mae": 17.8994375459904,
      "rmse": 22.61460154354754,
      "mse": 511.4202029734227,
      "mape": 14.846761627413871,
      "correlation": 0.6457398504667831,
      "r_squared": 0.18024465011388835,
      "clarke_a": 68.8,
      "clarke_b": 28.799999999999997,
      "clarke_ab": 97.6,
      "day": 13,
      "days_since_retrain": 6
    },
    {
      "mae": 17.444657104994576,
      "rmse": 21.9915832673702,
      "mse": 483.6297346056769,
      "mape": 14.694533401620447,
      "correlation": 0.7220356578572196,
      "r_squared": 0.35407689584335145,
      "clarke_a": 70.83333333333334,
      "clarke_b": 28.125,
      "clarke_ab": 98.95833333333334,
      "day": 14,
      "days_since_retrain": 0
    },
    {
      "mae": 17.245918348092673,
      "rmse": 21.800470156815862,
      "mse": 475.26049905821895,
      "mape": 13.457470772577551,
      "correlation": 0.9339509105532207,
      "r_squared": 0.8633955229362734,
      "clarke_a": 76.38888888888889,
      "clarke_b": 22.22222222222222,
      "clarke_ab": 98.61111111111111,
      "day": 15,
      "days_since_retrain": 1
    },
    {
      "mae": 20.551697538301795,
      "rmse": 28.435878968509158,
      "mse": 808.5992127117014,
      "mape": 13.673782116396527,
      "correlation": 0.8510551405715769,
      "r_squared": 0.7051914945966976,
      "clarke_a": 78.125,
      "clarke_b": 17.01388888888889,
      "clarke_ab": 95.13888888888889,
      "day": 16,
      "days_since_retrain": 2
    },
    {
      "mae": 21.33202472830083,
      "rmse": 27.71840625696714,
      "mse": 768.310045426275,
      "mape": 14.114697172857715,
      "correlation": 0.8722897835656065,
      "r_squared": 0.7508154355163408,
      "clarke_a": 74.03508771929825,
      "clarke_b": 22.807017543859647,
      "clarke_ab": 96.84210526315789,
      "day": 17,
      "days_since_retrain": 3
    },
    {
      "mae": 14.077928229504678,
      "rmse": 18.421807897116654,
      "mse": 339.3630061982695,
      "mape": 7.895187526944008,
      "correlation": 0.8679948226244777,
      "r_squared": 0.7508789138391099,
      "clarke_a": 92.01388888888889,
      "clarke_b": 6.597222222222222,
      "clarke_ab": 98.61111111111111,
      "day": 18,
      "days_since_retrain": 4
    },
    {
      "mae": 19.25530890291197,
      "rmse": 28.96710564004031,
      "mse": 839.093209161255,
      "mape": 14.107442095906617,
      "correlation": 0.7805733084577193,
      "r_squared": 0.51535563667169,
      "clarke_a": 76.47058823529412,
      "clarke_b": 20.392156862745097,
      "clarke_ab": 96.86274509803921,
      "day": 19,
      "days_since_retrain": 5
    },
    {
      "mae": 19.063764185051106,
      "rmse": 23.184640420502483,
      "mse": 537.5275514279975,
      "mape": 13.92850671334826,
      "correlation": 0.859524909909105,
      "r_squared": 0.7155514521244258,
      "clarke_a": 75.35714285714286,
      "clarke_b": 23.92857142857143,
      "clarke_ab": 99.28571428571429,
      "day": 20,
      "days_since_retrain": 6
    },
    {
      "mae": 16.04078593485544,
      "rmse": 22.129120081023952,
      "mse": 489.69795556037747,
      "mape": 13.601173056717514,
      "correlation": 0.9348788543745952,
      "r_squared": 0.871120196078096,
      "clarke_a": 84.45229681978799,
      "clarke_b": 14.13427561837456,
      "clarke_ab": 98.58657243816255,
      "day": 21,
      "days_since_retrain": 0
    },
    {
      "mae": 12.881611092004436,
      "rmse": 17.46289676667161,
      "mse": 304.9527634834297,
      "mape": 7.917443477620011,
      "correlation": 0.8702289946808126,
      "r_squared": 0.751554443070546,
      "clarke_a": 96.18055555555556,
      "clarke_b": 3.8194444444444446,
      "clarke_ab": 100.0,
      "day": 22,
      "days_since_retrain": 1
    },
    {
      "mae": 22.62493001490011,
      "rmse": 29.71258164853664,
      "mse": 882.8375082209565,
      "mape": 15.52193825395661,