{
  "patient_id": "570",
  "strategy": "periodic",
  "retraining_interval_days": 7,
  "summary": {
    "mae_mean": 15.433122903413388,
    "mae_std": 4.698987668157936,
    "rmse_mean": 20.779957903970086,
    "rmse_std": 6.508445296966497,
    "clarke_ab_mean": 98.45634241388224,
    "clarke_ab_std": 1.874609963645822,
    "total_days_evaluated": 34,
    "total_retrains": 4
  },
  "sawtooth_pattern": {
    "0": {
      "mae_mean": 16.66163735406439,
      "mae_std": 4.221831981134774,
      "rmse_mean": 23.426503864187378,
      "rmse_std": 5.8781605159384815,
      "n_samples": 5
    },
    "1": {
      "mae_mean": 15.762384151251652,
      "mae_std": 5.562324520733294,
      "rmse_mean": 21.461705767975246,
      "rmse_std": 9.031133243503115,
      "n_samples": 5
    },
    "2": {
      "mae_mean": 14.64752463787488,
      "mae_std": 4.960977806690279,
      "rmse_mean": 19.573028974417397,
      "rmse_std": 5.63115954937383,
      "n_samples": 5
    },
    "3": {
      "mae_mean": 15.647803340739992,
      "mae_std": 5.742374463993133,
      "rmse_mean": 21.0453273843679,
      "rmse_std": 7.332457155197476,
      "n_samples": 5
    },
    "4": {
      "mae_mean": 13.62489202840562,
      "mae_std": 4.301765900430563,
      "rmse_mean": 18.561576472185415,
      "rmse_std": 6.600239347786935,
      "n_samples": 5
    },
    "5": {
      "mae_mean": 14.431615838745596,
      "mae_std": 3.3109662263841444,
      "rmse_mean": 19.113122567896895,
      "rmse_std": 3.955835382265459,
      "n_samples": 5
    },
    "6": {
      "mae_mean": 17.71172299016112,
      "mae_std": 2.128051878190239,
      "rmse_mean": 22.653060894957946,
      "rmse_std": 3.1112255572399956,
      "n_samples": 4
    }
  },
  "daily_metrics": [
    {
      "mae": 15.99660993401994,
      "rmse": 21.728873793577105,
      "mse": 472.1439563372019,
      "mape": 8.24603913804753,
      "correlation": 0.9511102473281892,
      "r_squared": 0.8813354463233628,
      "clarke_a": 93.40277777777779,
      "clarke_b": 5.208333333333334,
      "clarke_ab": 98.61111111111111,
      "day": 7,
      "days_since_retrain": 0
    },
    {
      "mae": 11.200053844393544,
      "rmse": 13.78426672275785,
      "mse": 190.00600908412946,
      "mape": 5.130781535233717,
      "correlation": 0.949980562761479,
      "r_squared": 0.858886996282313,
      "clarke_a": 100.0,
      "clarke_b": 0.0,
      "clarke_ab": 100.0,
      "day": 8,
      "days_since_retrain": 1
    },
    {
      "mae": 8.194833649043403,
      "rmse": 12.184815436406453,
      "mse": 148.46972721928896,
      "mape": 4.78617324055894,
      "correlation": 0.9853597737071115,
      "r_squared": 0.964043492307727,
      "clarke_a": 94.87179487179486,
      "clarke_b": 5.128205128205128,
      "clarke_ab": 99.99999999999999,
      "day": 9,
      "days_since_retrain": 2
    },
    {
      "mae": 16.741009026375917,
      "rmse": 22.622976668467714,
      "mse": 511.7990733420346,
      "mape": 8.872726219013567,
      "correlation": 0.8874961243244204,
      "r_squared": 0.7224244420300705,
      "clarke_a": 94.44444444444444,
      "clarke_b": 3.7037037037037033,
      "clarke_ab": 98.14814814814815,
      "day": 10,
      "days_since_retrain": 3
    },
    {
      "mae": 10.910575987819607,
      "rmse": 13.508657458913303,
      "mse": 182.48382634225402,
      "mape": 6.39696336830459,
      "correlation": 0.9324012525453621,
      "r_squared": 0.8500175259079672,
      "clarke_a": 98.13432835820896,
      "clarke_b": 1.8656716417910446,
      "clarke_ab": 100.0,
      "day": 11,
      "days_since_retrain": 4
    },
    {
      "mae": 9.5292535338358,
      "rmse": 12.780777608589421,
      "mse": 163.34827628022074,
      "mape": 5.222509691148539,
      "correlation": 0.9188033567676146,
      "r_squared": 0.8193088666234345,
      "clarke_a": 96.875,
      "clarke_b": 1.0416666666666665,
      "clarke_ab": 97.91666666666667,
      "day": 12,
      "days_since_retrain": 5
    },
    {
      "mae": 18.33516021363354,
      "rmse": 24.348745310545752,
      "mse": 592.8613981978237,
      "mape": 10.743711132197427,
      "correlation": 0.8254595155942255,
      "r_squared": 0.5636587233259122,
      "clarke_a": 84.72222222222221,
      "clarke_b": 11.458333333333332,
      "clarke_ab": 96.18055555555554,
      "day": 13,
      "days_since_retrain": 6
    },
    {
      "mae": 22.912944203926045,
      "rmse": 33.51094263771225,
      "mse": 1122.9832764680405,
      "mape": 18.01667265597523,
      "correlation": 0.602581898828066,
      "r_squared": 0.03488464567004723,
      "clarke_a": 68.05555555555556,
      "clarke_b": 30.208333333333332,
      "clarke_ab": 98.26388888888889,
      "day": 14,
      "days_since_retrain": 0
    },
    {
      "mae": 25.854540332761577,
      "rmse": 38.42448949693537,
      "mse": 1476.4413931000965,
      "mape": 17.782986691197873,
      "correlation": 0.7060047725871352,
      "r_squared": 0.2711644994789857,
      "clarke_a": 69.20289855072464,
      "clarke_b": 26.08695652173913,
      "clarke_ab": 95.28985507246377,
      "day": 15,
      "days_since_retrain": 1
    },
    {
      "mae": 22.51708442747971,
      "rmse": 28.87748063780639,
      "mse": 833.908887986883,
      "mape": 11.30626148476058,
      "correlation": 0.9210385712534592,
      "r_squared": 0.775955248650585,
      "clarke_a": 91.34615384615384,
      "clarke_b": 8.653846153846153,
      "clarke_ab": 100.0,
      "day": 16,
      "days_since_retrain": 2
    },
    {
      "mae": 11.207890092800815,
      "rmse": 17.207782857275678,
      "mse": 296.10779086315074,
      "mape": 6.631828550426791,
      "correlation": 0.93138183445458,
      "r_squared": 0.8362727558442842,
      "clarke_a": 94.09722222222221,
      "clarke_b": 5.902777777777778,
      "clarke_ab": 99.99999999999999,
      "day": 17,
      "days_since_retrain": 3
    },
    {
      "mae": 7.352242444821491,
      "rmse": 10.239059699373659,
      "mse": 104.83834352733778,
      "mape": 5.0714814329677855,
      "correlation": 0.9783490256157849,
      "r_squared": 0.9490582173896811,
      "clarke_a": 94.44444444444444,
      "clarke_b": 5.555555555555555,
      "clarke_ab": 100.0,
      "day": 18,
      "days_since_retrain": 4
    },
    {
      "mae": 12.42132261898973,
      "rmse": 18.02594831976939,
      "mse": 324.93481282699696,
      "mape": 7.197542566923638,
      "correlation": 0.9392269195548888,
      "r_squared": 0.8452289671140557,
      "clarke_a": 92.90780141843972,
      "clarke_b": 7.092198581560284,
      "clarke_ab": 100.0,
      "day": 19,
      "days_since_retrain": 5
    },
    {
      "mae": 14.67453319423629,
      "rmse": 18.52274577863614,
      "mse": 343.09211117998285,
      "mape": 10.499859322571362,
      "correlation": 0.9473318451046364,
      "r_squared": 0.8769434792175689,
      "clarke_a": 81.25,
      "clarke_b": 18.75,
      "clarke_ab": 100.0,
      "day": 20,
      "days_since_retrain": 6
    },
    {
      "mae": 9.79050430749989,
      "rmse": 15.252486025459275,
      "mse": 232.63832995683046,
      "mape": 6.272442779967194,
      "correlation": 0.916717147563337,
      "r_squared": 0.8048545926422392,
      "clarke_a": 91.97080291970804,
      "clarke_b": 6.569343065693431,
      "clarke_ab": 98.54014598540147,
      "day": 21,
      "days_since_retrain": 0
    },
    {
      "mae": 14.263463125082763,
      "rmse": 19.717746376954214,
      "mse": 388.78952218589103,
      "mape": 9.279713188539036,
      "correlation": 0.958939556106625,
      "r_squared": 0.8855802154482143,
      "clarke_a": 87.4538745387454,
      "clarke_b": 12.177121771217712,
      "clarke_ab": 99.63099630996311,
      "day": 22,
      "days_since_retrain": 1
    },
    {
      "mae": 12.067526034876481,
      "rmse": 16.533274647237782,
      "mse": 273.3491705609956,
      "mape": 8.840386867958456,
      "correlation": 0.9730374235877636,
      "r_squared": 0.9341858131838232,