patient,model,horizon,mae,rmse,corr,clarke_ab
559,lstm,30,21.601238711255025,30.357273645739685,0.920798297018679,97.43303571428571
