{
  "patient_id": 559,
  "model_type": "transformer",
  "horizon_minutes": 30,
  "n_train": 717,
  "n_val": 179,
  "n_test": 896,
  "epochs_trained": 28,
  "final_train_loss": 0.10777254949740785,
  "final_val_loss": 0.09330706373273327,
  "metrics": {
    "mae": 21.34398926426141,
    "rmse": 29.55062500949115,
    "mse": 873.2394384515638,
    "mape": 14.129926319636274,
    "correlation": 0.9200509165709772,
    "r_squared": 0.8448945496851912,
    "mean_error": 2.6164872329119646,
    "std_error": 29.434561879049134
  },
  "clinical": {
    "clarke_grid": {
      "A": 76.67410714285714,
      "B": 19.084821428571427,
      "C": 4.129464285714286,
      "D": 0.11160714285714285,
      "E": 0.0,
      "A+B": 95.75892857142857
    },
    "hypo_detection": {
      "sensitivity": 15.384615384615385,
      "specificity": 99.76662777129522,
      "precision": 75.0,
      "false_alarm_rate": 0.2333722287047868,
      "miss_rate": 84.61538461538461,
      "f1_score": 25.531914893617024,
      "n_actual_hypo": 39,
      "n_predicted_hypo": 8,
      "true_positives": 6,
      "false_negatives": 33,
      "false_positives": 2,
      "true_negatives": 855
    },
    "hyper_detection": {
      "sensitivity": 93.30254041570439,
      "specificity": 90.28077753779698,
      "precision": 89.97772828507794,
      "false_alarm_rate": 9.719222462203025,
      "miss_rate": 6.6974595842956175,
      "f1_score": 91.60997732426303,
      "n_actual_hyper": 433,
      "n_predicted_hyper": 449
    },
    "time_in_range_actual": {
      "time_below_54": 2.0089285714285716,
      "time_below_70": 4.352678571428571,
      "time_in_range": 47.32142857142857,
      "time_above_180": 48.325892857142854,
      "time_above_250": 12.276785714285714
    },
    "time_in_range_predicted": {
      "time_below_54": 0.0,
      "time_below_70": 0.8928571428571428,
      "time_in_range": 48.995535714285715,
      "time_above_180": 50.11160714285714,
      "time_above_250": 14.732142857142858
    }
  },
  "patient_stats": {
    "n_readings": 10796,
    "duration_days": 41,
    "mean_glucose": 166.69229344201557,
    "std_glucose": 70.57390564313708,
    "min_glucose": 40.0,
    "max_glucose": 400.0,
    "time_in_range": 56.233790292701,
    "time_below_70": 3.788440163023342,
    "time_above_180": 39.97776954427566,
    "n_meals": 150,
    "n_bolus": 152
  },
  "normalizer_params": {
    "mean": 169.63935864035113,
    "std": 75.26830035224445
  }
}