{
  "patient_id": "588",
  "strategy": "periodic",
  "retraining_interval_days": 7,
  "summary": {
    "mae_mean": 18.813674976268462,
    "mae_std": 5.99230289163509,
    "rmse_mean": 24.828989189118147,
    "rmse_std": 8.495788456138536,
    "clarke_ab_mean": 96.61403005935173,
    "clarke_ab_std": 3.437537733374425,
    "total_days_evaluated": 39,
    "total_retrains": 5
  },
  "sawtooth_pattern": {
    "0": {
      "mae_mean": 21.92797247037476,
      "mae_std": 10.39378752317431,
      "rmse_mean": 29.8167264166256,
      "rmse_std": 16.04418714246374,
      "n_samples": 6
    },
    "1": {
      "mae_mean": 19.9658316169179,
      "mae_std": 5.5413991081324045,
      "rmse_mean": 26.37065100422204,
      "rmse_std": 7.929212627297771,
      "n_samples": 6
    },
    "2": {
      "mae_mean": 17.381230811042133,
      "mae_std": 2.9232185446848766,
      "rmse_mean": 23.30069033984027,
      "rmse_std": 4.523689148314343,
      "n_samples": 6
    },
    "3": {
      "mae_mean": 18.730175199146945,
      "mae_std": 4.108100498427692,
      "rmse_mean": 24.22429786287275,
      "rmse_std": 4.955611695336629,
      "n_samples": 6
    },
    "4": {
      "mae_mean": 19.6608616347857,
      "mae_std": 5.5838017856900874,
      "rmse_mean": 25.896195536940855,
      "rmse_std": 5.5317940874531235,
      "n_samples": 5
    },
    "5": {
      "mae_mean": 18.256273358329977,
      "mae_std": 4.470390350172336,
      "rmse_mean": 23.300405345275944,
      "rmse_std": 5.025507862986584,
      "n_samples": 5
    },
    "6": {
      "mae_mean": 15.22327770480023,
      "mae_std": 1.517775989386214,
      "rmse_mean": 20.014676044631962,
      "rmse_std": 2.4825685291485637,
      "n_samples": 5
    }
  },
  "daily_metrics": [
    {
      "mae": 43.728514533914044,
      "rmse": 64.29232819233067,
      "mse": 4133.503464390357,
      "mape": 19.664098403439386,
      "correlation": 0.8114002261323915,
      "r_squared": 0.6343445842172482,
      "clarke_a": 59.375,
      "clarke_b": 33.68055555555556,
      "clarke_ab": 93.05555555555556,
      "day": 7,
      "days_since_retrain": 0
    },
    {
      "mae": 24.466066576295038,
      "rmse": 30.412180179273857,
      "mse": 924.9007032566177,
      "mape": 12.440105495958537,
      "correlation": 0.7878037181299508,
      "r_squared": 0.5704423823969953,
      "clarke_a": 80.55555555555556,
      "clarke_b": 13.88888888888889,
      "clarke_ab": 94.44444444444444,
      "day": 8,
      "days_since_retrain": 1
    },
    {
      "mae": 18.84199879371397,
      "rmse": 24.063283465176085,
      "mse": 579.0416111254167,
      "mape": 11.284761769152281,
      "correlation": 0.8630828970826596,
      "r_squared": 0.6920500997411265,
      "clarke_a": 80.55555555555556,
      "clarke_b": 14.583333333333334,
      "clarke_ab": 95.13888888888889,
      "day": 9,
      "days_since_retrain": 2
    },
    {
      "mae": 21.37584762830705,
      "rmse": 27.376296338676642,
      "mse": 749.4616012230401,
      "mape": 12.90519513062166,
      "correlation": 0.8870143971153256,
      "r_squared": 0.6840506199397843,
      "clarke_a": 67.70833333333334,
      "clarke_b": 23.61111111111111,
      "clarke_ab": 91.31944444444446,
      "day": 10,
      "days_since_retrain": 3
    },
    {
      "mae": 30.30555105308894,
      "rmse": 36.57349651222011,
      "mse": 1337.6206471293765,
      "mape": 17.45034257055349,
      "correlation": 0.7291382431742985,
      "r_squared": 0.34940451424864916,
      "clarke_a": 62.31343283582089,
      "clarke_b": 25.37313432835821,
      "clarke_ab": 87.6865671641791,
      "day": 11,
      "days_since_retrain": 4
    },
    {
      "mae": 22.67268248269464,
      "rmse": 27.85764513334143,
      "mse": 776.0483923751814,
      "mape": 13.257464745834938,
      "correlation": 0.9094086186297233,
      "r_squared": 0.7331648324605751,
      "clarke_a": 72.38805970149254,
      "clarke_b": 21.641791044776117,
      "clarke_ab": 94.02985074626865,
      "day": 12,
      "days_since_retrain": 5
    },
    {
      "mae": 16.880554230501172,
      "rmse": 23.465833180777153,
      "mse": 550.6453268680619,
      "mape": 10.889785201601626,
      "correlation": 0.7630437575532019,
      "r_squared": 0.5137069353955526,
      "clarke_a": 87.15277777777779,
      "clarke_b": 6.597222222222222,
      "clarke_ab": 93.75000000000001,
      "day": 13,
      "days_since_retrain": 6
    },
    {
      "mae": 10.519400606045433,
      "rmse": 13.873223315597977,
      "mse": 192.46632516445132,
      "mape": 6.9292343354933505,
      "correlation": 0.8557104050491031,
      "r_squared": 0.7019359754200594,
      "clarke_a": 96.18055555555556,
      "clarke_b": 3.125,
      "clarke_ab": 99.30555555555556,
      "day": 14,
      "days_since_retrain": 0
    },
    {
      "mae": 13.416746713367349,
      "rmse": 17.248639611960314,
      "mse": 297.5155684632864,
      "mape": 9.390035273749191,
      "correlation": 0.8566998655565023,
      "r_squared": 0.6608846693393244,
      "clarke_a": 94.79166666666666,
      "clarke_b": 5.208333333333334,
      "clarke_ab": 99.99999999999999,
      "day": 15,
      "days_since_retrain": 1
    },
    {
      "mae": 15.367794902950683,
      "rmse": 18.698444098552354,
      "mse": 349.6318117066873,
      "mape": 11.340131243539384,
      "correlation": 0.846475797720567,
      "r_squared": 0.6422964314737938,
      "clarke_a": 86.45833333333334,
      "clarke_b": 13.541666666666666,
      "clarke_ab": 100.00000000000001,
      "day": 16,
      "days_since_retrain": 2
    },
    {
      "mae": 21.48189448419834,
      "rmse": 28.23241855801043,
      "mse": 797.0694576346917,
      "mape": 15.588598521983629,
      "correlation": 0.7752226617903212,
      "r_squared": 0.29967504409860657,
      "clarke_a": 70.48611111111111,
      "clarke_b": 28.819444444444443,
      "clarke_ab": 99.30555555555556,
      "day": 17,
      "days_since_retrain": 3
    },
    {
      "mae": 15.472554618171843,
      "rmse": 21.299102751164433,
      "mse": 453.65177800466034,
      "mape": 9.548686599460265,
      "correlation": 0.8706536927085342,
      "r_squared": 0.668532020206881,
      "clarke_a": 90.65420560747664,
      "clarke_b": 5.607476635514018,
      "clarke_ab": 96.26168224299066,
      "day": 18,
      "days_since_retrain": 4
    },
    {
      "mae": 20.544872231129606,
      "rmse": 25.250783334377413,
      "mse": 637.6020589996721,
      "mape": 11.74785794858914,
      "correlation": 0.8712314481419275,
      "r_squared": 0.6312414545102895,
      "clarke_a": 88.88888888888889,
      "clarke_b": 6.25,
      "clarke_ab": 95.13888888888889,
      "day": 19,
      "days_since_retrain": 5
    },
    {
      "mae": 13.314317745852438,
      "rmse": 16.711310882667927,
      "mse": 279.26791141717547,
      "mape": 9.201164097221785,
      "correlation": 0.8723002305521559,
      "r_squared": 0.7094866158193442,
      "clarke_a": 94.79166666666666,
      "clarke_b": 4.861111111111112,
      "clarke_ab": 99.65277777777777,
      "day": 20,
      "days_since_retrain": 6
    },
    {
      "mae": 17.69871305558102,
      "rmse": 24.50405533219704,
      "mse": 600.4487277233742,
      "mape": 11.507734567481636,
      "correlation": 0.709248061779093,
      "r_squared": 0.3800908639562032,
      "clarke_a": 82.29166666666666,
      "clarke_b": 13.541666666666666,
      "clarke_ab": 95.83333333333333,
      "day": 21,
      "days_since_retrain": 0
    },
    {
      "mae": 29.42610438071941,
      "rmse": 41.37942631539678,
      "mse": 1712.2569221913516,
      "mape": 19.019606559400582,
      "correlation": 0.36489485398514393,
      "r_squared": -0.5854381898889396,
      "clarke_a": 64.61538461538461,
      "clarke_b": 19.230769230769234,
      "clarke_ab": 83.84615384615384,
      "day": 22,
      "days_since_retrain": 1
    },
    {
      "mae": 21.601028437032557,
      "rmse": 30.13985237247081,
      "mse": 908.4107010343344,
      "mape": 13.972339663379177,