{
  "patient_id": "575",
  "strategy": "periodic",
  "retraining_interval_days": 7,
  "summary": {
    "mae_mean": 19.779318639260588,
    "mae_std": 8.227752281165797,
    "rmse_mean": 27.470868083384687,
    "rmse_std": 11.364006139093,
    "clarke_ab_mean": 95.52438810373292,
    "clarke_ab_std": 3.330867557501351,
    "total_days_evaluated": 39,
    "total_retrains": 5
  },
  "sawtooth_pattern": {
    "0": {
      "mae_mean": 19.212389164648467,
      "mae_std": 8.86305534631933,
      "rmse_mean": 28.690662030622722,
      "rmse_std": 12.78780018556221,
      "n_samples": 6
    },
    "1": {
      "mae_mean": 18.166130513946147,
      "mae_std": 4.09009389158228,
      "rmse_mean": 24.46482650438767,
      "rmse_std": 4.982689914303185,
      "n_samples": 6
    },
    "2": {
      "mae_mean": 19.494117168365882,
      "mae_std": 5.739417771593473,
      "rmse_mean": 26.58578313960093,
      "rmse_std": 7.56263137261315,
      "n_samples": 6
    },
    "3": {
      "mae_mean": 28.48569983981862,
      "mae_std": 11.4957746783434,
      "rmse_mean": 38.8043623323463,
      "rmse_std": 15.044165312081496,
      "n_samples": 6
    },
    "4": {
      "mae_mean": 20.201131255845453,
      "mae_std": 7.387182515283881,
      "rmse_mean": 27.343548953914933,
      "rmse_std": 10.881674384244587,
      "n_samples": 5
    },
    "5": {
      "mae_mean": 14.859177696564743,
      "mae_std": 4.145608347128172,
      "rmse_mean": 21.783495988619762,
      "rmse_std": 8.164488564908982,
      "n_samples": 5
    },
    "6": {
      "mae_mean": 16.78837240968744,
      "mae_std": 3.9901116559143763,
      "rmse_mean": 22.8909652995167,
      "rmse_std": 5.910341943256816,
      "n_samples": 5
    }
  },
  "daily_metrics": [
    {
      "mae": 12.91951924167689,
      "rmse": 25.03471186939402,
      "mse": 626.7367983835778,
      "mape": 8.736223706907143,
      "correlation": 0.9356101965930956,
      "r_squared": 0.8653487866081513,
      "clarke_a": 91.10320284697508,
      "clarke_b": 7.473309608540925,
      "clarke_ab": 98.57651245551601,
      "day": 7,
      "days_since_retrain": 0
    },
    {
      "mae": 16.78059554684016,
      "rmse": 24.861262201844692,
      "mse": 618.0823582688715,
      "mape": 17.09080281992141,
      "correlation": 0.7885870703163682,
      "r_squared": 0.5401427460900734,
      "clarke_a": 76.47058823529412,
      "clarke_b": 16.289592760180994,
      "clarke_ab": 92.76018099547511,
      "day": 8,
      "days_since_retrain": 1
    },
    {
      "mae": 16.802537775734606,
      "rmse": 22.7769087805323,
      "mse": 518.7875735966894,
      "mape": 15.1014834486141,
      "correlation": 0.8703155533865468,
      "r_squared": 0.7494812565755511,
      "clarke_a": 79.84790874524715,
      "clarke_b": 11.406844106463879,
      "clarke_ab": 91.25475285171103,
      "day": 9,
      "days_since_retrain": 2
    },
    {
      "mae": 17.80401096617996,
      "rmse": 23.0694268751328,
      "mse": 532.1984563470996,
      "mape": 17.753080354385563,
      "correlation": 0.9457171146592,
      "r_squared": 0.891229236503593,
      "clarke_a": 87.36059479553904,
      "clarke_b": 5.5762081784386615,
      "clarke_ab": 92.9368029739777,
      "day": 10,
      "days_since_retrain": 3
    },
    {
      "mae": 13.775732933968646,
      "rmse": 19.924725182757133,
      "mse": 396.9946736083963,
      "mape": 13.574633300693788,
      "correlation": 0.9317426511854381,
      "r_squared": 0.8640422538516619,
      "clarke_a": 82.3076923076923,
      "clarke_b": 13.076923076923078,
      "clarke_ab": 95.38461538461539,
      "day": 11,
      "days_since_retrain": 4
    },
    {
      "mae": 11.927439759931632,
      "rmse": 15.50036127294957,
      "mse": 240.26119959195483,
      "mape": 8.900753021872259,
      "correlation": 0.836043335357885,
      "r_squared": 0.6770362832152292,
      "clarke_a": 92.28070175438596,
      "clarke_b": 7.719298245614035,
      "clarke_ab": 100.0,
      "day": 12,
      "days_since_retrain": 5
    },
    {
      "mae": 14.900956584376672,
      "rmse": 20.98361921631587,
      "mse": 440.3122754153406,
      "mape": 13.331352195149426,
      "correlation": 0.9287032418337509,
      "r_squared": 0.8586154887079217,
      "clarke_a": 81.91489361702128,
      "clarke_b": 8.865248226950355,
      "clarke_ab": 90.78014184397163,
      "day": 13,
      "days_since_retrain": 6
    },
    {
      "mae": 16.987809093475274,
      "rmse": 21.811622701592423,
      "mse": 475.74688487662195,
      "mape": 12.992905190410397,
      "correlation": 0.9394712104932086,
      "r_squared": 0.8623871864685938,
      "clarke_a": 79.46768060836501,
      "clarke_b": 17.110266159695815,
      "clarke_ab": 96.57794676806083,
      "day": 14,
      "days_since_retrain": 0
    },
    {
      "mae": 23.58481167111535,
      "rmse": 29.85235134402514,
      "mse": 891.1628807671196,
      "mape": 23.38864544483178,
      "correlation": 0.8113472684920426,
      "r_squared": 0.6427666064480319,
      "clarke_a": 55.91397849462365,
      "clarke_b": 30.64516129032258,
      "clarke_ab": 86.55913978494623,
      "day": 15,
      "days_since_retrain": 1
    },
    {
      "mae": 16.192183277782487,
      "rmse": 20.79283246043098,
      "mse": 432.3418817275522,
      "mape": 13.082870019614203,
      "correlation": 0.8621836895992869,
      "r_squared": 0.7253656006541799,
      "clarke_a": 78.13620071684588,
      "clarke_b": 16.129032258064516,
      "clarke_ab": 94.26523297491039,
      "day": 16,
      "days_since_retrain": 2
    },
    {
      "mae": 19.886285558214652,
      "rmse": 24.562770338817117,
      "mse": 603.3296867174739,
      "mape": 14.759829259025764,
      "correlation": 0.8808057269938927,
      "r_squared": 0.7382366540916382,
      "clarke_a": 75.18248175182481,
      "clarke_b": 20.802919708029197,
      "clarke_ab": 95.985401459854,
      "day": 17,
      "days_since_retrain": 3
    },
    {
      "mae": 15.878548960861995,
      "rmse": 19.354619971904413,
      "mse": 374.6013142568412,
      "mape": 14.813383189819596,
      "correlation": 0.8768879382223596,
      "r_squared": 0.7386033309972869,
      "clarke_a": 71.52777777777779,
      "clarke_b": 22.916666666666664,
      "clarke_ab": 94.44444444444446,
      "day": 18,
      "days_since_retrain": 4
    },
    {
      "mae": 14.19451333063083,
      "rmse": 22.23291147552776,
      "mse": 494.302352678654,
      "mape": 9.466812141248898,
      "correlation": 0.8726226191292338,
      "r_squared": 0.618274062145564,
      "clarke_a": 89.53068592057761,
      "clarke_b": 9.386281588447654,
      "clarke_ab": 98.91696750902527,
      "day": 19,
      "days_since_retrain": 5
    },
    {
      "mae": 13.588559764046666,
      "rmse": 18.378528185413476,
      "mse": 337.7702982620376,
      "mape": 10.654699464616654,
      "correlation": 0.941468128604838,
      "r_squared": 0.8739492173333411,
      "clarke_a": 88.54166666666666,
      "clarke_b": 8.333333333333332,
      "clarke_ab": 96.87499999999999,
      "day": 20,
      "days_since_retrain": 6
    },
    {
      "mae": 14.198925624426488,
      "rmse": 20.226721241272895,
      "mse": 409.12025217216006,
      "mape": 11.437601129114196,
      "correlation": 0.8946257535346382,
      "r_squared": 0.795813554671361,
      "clarke_a": 83.41708542713567,
      "clarke_b": 13.5678391959799,
      "clarke_ab": 96.98492462311557,
      "day": 21,
      "days_since_retrain": 0
    },
    {
      "mae": 14.129063380418621,
      "rmse": 19.155669336608458,
      "mse": 366.93966773348154,
      "mape": 12.858495032399858,
      "correlation": 0.9341289674600619,
      "r_squared": 0.854777657914379,
      "clarke_a": 80.14440433212997,
      "clarke_b": 15.884476534296029,
      "clarke_ab": 96.028880866426,
      "day": 22,
      "days_since_retrain": 1
    },
    {
      "mae": 14.768498795931984,
      "rmse": 21.68039841443438,
      "mse": 470.03967540860873,