{
  "patient_id": "588",
  "strategy": "periodic",
  "retraining_interval_days": 7,
  "summary": {
    "mae_mean": 18.117450491425448,
    "mae_std": 6.034748029899826,
    "rmse_mean": 24.200431909524177,
    "rmse_std": 9.813991539599774,
    "clarke_ab_mean": 97.57747524026647,
    "clarke_ab_std": 2.4178534804574356,
    "total_days_evaluated": 39,
    "total_retrains": 5
  },
  "sawtooth_pattern": {
    "0": {
      "mae_mean": 22.353994040503753,
      "mae_std": 8.820623911231184,
      "rmse_mean": 30.634773467500978,
      "rmse_std": 14.300570171234883,
      "n_samples": 6
    },
    "1": {
      "mae_mean": 19.957416407339085,
      "mae_std": 8.370044277016916,
      "rmse_mean": 28.023083972171708,
      "rmse_std": 15.348419444811318,
      "n_samples": 6
    },
    "2": {
      "mae_mean": 17.388728597550223,
      "mae_std": 4.717587201769245,
      "rmse_mean": 23.17882628936324,
      "rmse_std": 6.833622098302599,
      "n_samples": 6
    },
    "3": {
      "mae_mean": 17.850490023135166,
      "mae_std": 4.3630220019596555,
      "rmse_mean": 22.621042765125377,
      "rmse_std": 5.2174742450431815,
      "n_samples": 6
    },
    "4": {
      "mae_mean": 16.7511300159726,
      "mae_std": 2.045441696998036,
      "rmse_mean": 22.908652824346007,
      "rmse_std": 2.4360452573345928,
      "n_samples": 5
    },
    "5": {
      "mae_mean": 17.03024385313128,
      "mae_std": 2.739540963386066,
      "rmse_mean": 21.812810340655155,
      "rmse_std": 3.638734309823875,
      "n_samples": 5
    },
    "6": {
      "mae_mean": 14.473985081780729,
      "mae_std": 1.6561301170421088,
      "rmse_mean": 18.69263393629389,
      "rmse_std": 2.4718092895117665,
      "n_samples": 5
    }
  },
  "daily_metrics": [
    {
      "mae": 40.47812965658865,
      "rmse": 61.296998912347895,
      "mse": 3757.3220756603787,
      "mape": 22.41223837274582,
      "correlation": 0.8488515428575292,
      "r_squared": -0.20654131908187634,
      "clarke_a": 67.36111111111111,
      "clarke_b": 28.47222222222222,
      "clarke_ab": 95.83333333333334,
      "day": 7,
      "days_since_retrain": 0
    },
    {
      "mae": 17.675587741222998,
      "rmse": 22.835778711246228,
      "mse": 521.4727893490065,
      "mape": 10.256187726551962,
      "correlation": 0.8585240724048295,
      "r_squared": 0.6111703877904098,
      "clarke_a": 89.58333333333334,
      "clarke_b": 8.333333333333332,
      "clarke_ab": 97.91666666666667,
      "day": 8,
      "days_since_retrain": 1
    },
    {
      "mae": 14.555594788968158,
      "rmse": 19.187334341475744,
      "mse": 368.15379913157443,
      "mape": 10.11075118708983,
      "correlation": 0.865847774167562,
      "r_squared": 0.6752811456189551,
      "clarke_a": 89.23611111111111,
      "clarke_b": 9.722222222222223,
      "clarke_ab": 98.95833333333334,
      "day": 9,
      "days_since_retrain": 2
    },
    {
      "mae": 15.921706434941237,
      "rmse": 19.64001800456097,
      "mse": 385.7303072194791,
      "mape": 11.068745334919162,
      "correlation": 0.9141152402343984,
      "r_squared": 0.7609452291212138,
      "clarke_a": 83.68055555555556,
      "clarke_b": 14.583333333333334,
      "clarke_ab": 98.26388888888889,
      "day": 10,
      "days_since_retrain": 3
    },
    {
      "mae": 18.545161356481607,
      "rmse": 26.322646903200965,
      "mse": 692.8817399905953,
      "mape": 12.678377010976305,
      "correlation": 0.828768624222812,
      "r_squared": 0.5220039578725777,
      "clarke_a": 80.22388059701493,
      "clarke_b": 19.402985074626866,
      "clarke_ab": 99.6268656716418,
      "day": 11,
      "days_since_retrain": 4
    },
    {
      "mae": 17.52939103712046,
      "rmse": 21.258591927050716,
      "mse": 451.92773072086584,
      "mape": 12.206442561931388,
      "correlation": 0.915988115117238,
      "r_squared": 0.7795313119000464,
      "clarke_a": 76.86567164179104,
      "clarke_b": 21.26865671641791,
      "clarke_ab": 98.13432835820895,
      "day": 12,
      "days_since_retrain": 5
    },
    {
      "mae": 15.792059518385921,
      "rmse": 20.636852514634235,
      "mse": 425.87968171076534,
      "mape": 11.316629807417216,
      "correlation": 0.7802184880865946,
      "r_squared": 0.4083790534527191,
      "clarke_a": 83.68055555555556,
      "clarke_b": 13.88888888888889,
      "clarke_ab": 97.56944444444444,
      "day": 13,
      "days_since_retrain": 6
    },
    {
      "mae": 14.02607461320642,
      "rmse": 17.70189264039348,
      "mse": 313.3570030520169,
      "mape": 8.900212508748012,
      "correlation": 0.8206450940582092,
      "r_squared": 0.515294377806699,
      "clarke_a": 94.09722222222221,
      "clarke_b": 3.4722222222222223,
      "clarke_ab": 97.56944444444444,
      "day": 14,
      "days_since_retrain": 0
    },
    {
      "mae": 13.875693859041977,
      "rmse": 18.110594543716807,
      "mse": 327.993634726905,
      "mape": 9.394815707685597,
      "correlation": 0.8597571509763098,
      "r_squared": 0.6894161476496212,
      "clarke_a": 92.36111111111111,
      "clarke_b": 5.902777777777778,
      "clarke_ab": 98.26388888888889,
      "day": 15,
      "days_since_retrain": 1
    },
    {
      "mae": 16.22499431185917,
      "rmse": 19.258524715564743,
      "mse": 370.89077422001805,
      "mape": 11.465648116615494,
      "correlation": 0.8653176143505991,
      "r_squared": 0.6840579605897738,
      "clarke_a": 81.25,
      "clarke_b": 16.666666666666664,
      "clarke_ab": 97.91666666666666,
      "day": 16,
      "days_since_retrain": 2
    },
    {
      "mae": 20.43143368762186,
      "rmse": 24.994043204056638,
      "mse": 624.7021956862499,
      "mape": 14.408005066933303,
      "correlation": 0.8266089004352635,
      "r_squared": 0.5718704766711177,
      "clarke_a": 75.69444444444444,
      "clarke_b": 23.26388888888889,
      "clarke_ab": 98.95833333333333,
      "day": 17,
      "days_since_retrain": 3
    },
    {
      "mae": 13.56045533609757,
      "rmse": 18.9419413826952,
      "mse": 358.797143345461,
      "mape": 8.105544259707791,
      "correlation": 0.8880566850622458,
      "r_squared": 0.745368317187574,
      "clarke_a": 91.1214953271028,
      "clarke_b": 4.672897196261682,
      "clarke_ab": 95.7943925233645,
      "day": 18,
      "days_since_retrain": 4
    },
    {
      "mae": 17.023495199415272,
      "rmse": 22.736178958662922,
      "mse": 516.9338336403466,
      "mape": 9.794532785450142,
      "correlation": 0.877255573501672,
      "r_squared": 0.7211020747769015,
      "clarke_a": 86.80555555555556,
      "clarke_b": 7.986111111111111,
      "clarke_ab": 94.79166666666667,
      "day": 19,
      "days_since_retrain": 5
    },
    {
      "mae": 12.184604721507847,
      "rmse": 14.86303753181594,
      "mse": 220.90988467216926,
      "mape": 7.841862234788538,
      "correlation": 0.9047990784273394,
      "r_squared": 0.7831877685454643,
      "clarke_a": 96.875,
      "clarke_b": 2.083333333333333,
      "clarke_ab": 98.95833333333333,
      "day": 20,
      "days_since_retrain": 6
    },
    {
      "mae": 18.565915320345116,
      "rmse": 25.383407293592278,
      "mse": 644.3173658323936,
      "mape": 12.618129361145987,
      "correlation": 0.671431007841103,
      "r_squared": 0.3032040905957688,
      "clarke_a": 79.16666666666666,
      "clarke_b": 17.01388888888889,
      "clarke_ab": 96.18055555555554,
      "day": 21,
      "days_since_retrain": 0
    },
    {
      "mae": 38.27454018910455,
      "rmse": 62.04464713253451,
      "mse": 3849.538237800722,
      "mape": 22.86037212709858,
      "correlation": 0.19779954388676507,
      "r_squared": -0.22279890766871824,
      "clarke_a": 62.30769230769231,
      "clarke_b": 23.076923076923077,
      "clarke_ab": 85.38461538461539,
      "day": 22,
      "days_since_retrain": 1
    },
    {
      "mae": 26.85625664129448,
      "rmse": 37.32153758313111,
      "mse": 1392.8971675690677,