{
  "transformer": {
    "570": {
      "patient_id": "570",
      "strategy": "periodic",
      "retraining_interval_days": 7,
      "summary": {
        "mae_mean": 14.894423461572076,
        "mae_std": 4.9717658640016635,
        "rmse_mean": 20.481907237437174,
        "rmse_std": 7.198244897595192,
        "clarke_ab_mean": 98.33561837986663,
        "clarke_ab_std": 1.7893353264699339,
        "total_days_evaluated": 34,
        "total_retrains": 4
      },
      "sawtooth_pattern": {
        "0": {
          "mae_mean": 17.661225370730545,
          "mae_std": 5.599332848543823,
          "rmse_mean": 24.827553812697353,
          "rmse_std": 7.580448324417482,
          "n_samples": 5
        },
        "1": {
          "mae_mean": 15.88747635860951,
          "mae_std": 6.175464849174646,
          "rmse_mean": 22.33155018758969,
          "rmse_std": 10.290385237227856,
          "n_samples": 5
        },
        "2": {
          "mae_mean": 13.664262734181682,
          "mae_std": 3.686555950014202,
          "rmse_mean": 18.178333395591658,
          "rmse_std": 4.759356644169822,
          "n_samples": 5
        },
        "3": {
          "mae_mean": 13.574414422034272,
          "mae_std": 4.929679971045756,
          "rmse_mean": 18.60698673580933,
          "rmse_std": 6.151705110200811,
          "n_samples": 5
        },
        "4": {
          "mae_mean": 13.86491208059669,
          "mae_std": 4.79055816927904,
          "rmse_mean": 19.652863810602735,
          "rmse_std": 7.250273484576119,
          "n_samples": 5
        },
        "5": {
          "mae_mean": 13.273229562050185,
          "mae_std": 3.859638402276435,
          "rmse_mean": 17.94466112717609,
          "rmse_std": 4.660304216937835,
          "n_samples": 5
        },
        "6": {
          "mae_mean": 16.695698763109032,
          "mae_std": 2.41790348730943,
          "rmse_mean": 22.168775181382415,
          "rmse_std": 4.13462991638084,
          "n_samples": 4
        }
      },
      "daily_metrics": [
        {
          "mae": 15.674606775979132,
          "rmse": 22.10590305105842,
          "mse": 488.6709497027939,
          "mape": 8.644270293862949,
          "correlation": 0.9512609894251578,
          "r_squared": 0.8904248803667308,
          "clarke_a": 92.01388888888889,
          "clarke_b": 6.597222222222222,
          "clarke_ab": 98.61111111111111,
          "day": 7,
          "days_since_retrain": 0
        },
        {
          "mae": 9.504796373557367,
          "rmse": 12.8760462934253,
          "mse": 165.79256815043144,
          "mape": 4.440658909701204,
          "correlation": 0.9526349196218523,
          "r_squared": 0.896376101387807,
          "clarke_a": 100.0,
          "clarke_b": 0.0,
          "clarke_ab": 100.0,
          "day": 8,
          "days_since_retrain": 1
        },
        {
          "mae": 8.73988619901339,
          "rmse": 12.013711250361405,
          "mse": 144.3292580070602,
          "mape": 5.9223121984928735,
          "correlation": 0.9851587301357827,
          "r_squared": 0.9697944180095494,
          "clarke_a": 94.87179487179486,
          "clarke_b": 3.296703296703297,
          "clarke_ab": 98.16849816849816,
          "day": 9,
          "days_since_retrain": 2
        },
        {
          "mae": 15.105880355858083,
          "rmse": 21.763996425045516,
          "mse": 473.67154038939395,
          "mape": 7.990821014975144,
          "correlation": 0.8939913024148275,
          "r_squared": 0.7752580352493711,
          "clarke_a": 93.51851851851852,
          "clarke_b": 3.7037037037037033,
          "clarke_ab": 97.22222222222223,
          "day": 10,
          "days_since_retrain": 3
        },
        {
          "mae": 11.412740543413893,
          "rmse": 15.128209304546,
          "mse": 228.86271676215222,
          "mape": 7.42755594881582,
          "correlation": 0.9239082360600719,
          "r_squared": 0.8509202476476571,
          "clarke_a": 96.26865671641791,
          "clarke_b": 2.2388059701492535,
          "clarke_ab": 98.50746268656717,
          "day": 11,
          "days_since_retrain": 4
        },
        {
          "mae": 8.102302248060262,
          "rmse": 10.818308512959744,
          "mse": 117.03579908157728,
          "mape": 4.814877527044233,
          "correlation": 0.935384703420518,
          "r_squared": 0.8739858538016996,
          "clarke_a": 97.91666666666666,
          "clarke_b": 1.0416666666666665,
          "clarke_ab": 98.95833333333333,
          "day": 12,
          "days_since_retrain": 5
        },
        {
          "mae": 15.997675365166291,
          "rmse": 23.59842259197232,
          "mse": 556.8855488293096,
          "mape": 9.928108946098025,
          "correlation": 0.8579114660205347,
          "r_squared": 0.7230078343318551,
          "clarke_a": 90.97222222222221,
          "clarke_b": 6.25,
          "clarke_ab": 97.22222222222221,
          "day": 13,
          "days_since_retrain": 6
        },
        {
          "mae": 25.362132117702313,
          "rmse": 36.35107356529851,
          "mse": 1321.4005493497443,
          "mape": 20.343604335254025,
          "correlation": 0.5684265076748449,
          "r_squared": 0.0656045244879736,
          "clarke_a": 65.97222222222221,
          "clarke_b": 30.208333333333332,
          "clarke_ab": 96.18055555555554,
          "day": 14,
          "days_since_retrain": 0
        },
        {
          "mae": 27.009268211281377,
          "rmse": 41.48080934341982,
          "mse": 1720.6575437851454,
          "mape": 19.000643289644557,
          "correlation": 0.6621339263332886,
          "r_squared": 0.20125101973844706,
          "clarke_a": 68.84057971014492,
          "clarke_b": 23.91304347826087,
          "clarke_ab": 92.7536231884058,
          "day": 15,
          "days_since_retrain": 1
        },
        {
          "mae": 19.53004740480001,
          "rmse": 26.22086949840722,
          "mse": 687.5339972525022,
          "mape": 9.222581268447321,
          "correlation": 0.9253917127901734,
          "r_squared": 0.7831884037770172,
          "clarke_a": 94.71153846153845,
          "clarke_b": 5.288461538461538,
          "clarke_ab": 99.99999999999999,
          "day": 16,
          "days_since_retrain": 2
        },
        {
          "mae": 9.093044501030182,
          "rmse": 14.548157385591734,
          "mse": 211.64888331594733,
          "mape": 5.4585773958366,
          "correlation": 0.9502844283476929,
          "r_squared": 0.8797747265675098,
          "clarke_a": 95.83333333333334,
          "clarke_b": 4.166666666666666,
          "clarke_ab": 100.00000000000001,
          "day": 17,
          "days_since_retrain": 3
        },
        {
          "mae": 8.006225583222232,
          "rmse": 10.68597350252716,
          "mse": 114.1900296967126,
          "mape": 5.6520955231139824,
          "correlation": 0.981918764726959,
          "r_squared": 0.9404188783557834,
          "clarke_a": 94.09722222222221,
          "clarke_b": 5.902777777777778,
          "clarke_ab": 99.99999999999999,
          "day": 18,
          "days_since_retrain": 4
        },
        {
          "mae": 10.41311038618546,
          "rmse": 15.949833032430595,
          "mse": 254.39717376241416,
          "mape": 6.0880259380784185,
          "correlation": 0.9543829508877344,
          "r_squared": 0.8745533752208187,
          "clarke_a": 92.90780141843972,
          "clarke_b": 7.092198581560284,
          "clarke_ab": 100.0,
          "day": 19,
          "days_since_retrain": 5
        },
        {
          "mae": 15.529435943229462,
          "rmse": 19.241680448750213,
          "mse": 370.2422664918162,
          "mape": 11.064559593476076,
          "correlation": 0.9503293377383359,
          "r_squared": 0.8597910779974062,
          "clarke_a": 79.51388888888889,
          "clarke_b": 20.48611111111111,
          "clarke_ab": 100.0,